{"type":"FeatureCollection","features":[{"type":"Feature","properties":{"regionNumber":1,"regionName":"Vancouver Island"},"geometry":{"type":"Polygon","coordinates":[[[-126.7842,49.4831],[-126.0005,48.8298],[-125.4821,48.6859],[-124.7573,48.5169],[-123.9025,48.2798],[-123.5399,48.2248],[-123.245,48.2823],[-123.1144,48.4228],[-123.156,48.45],[-123.2104,48.5376],[-123.2647,48.6926],[-123.0051,48.7671],[-123.0038,48.8307],[-123.3116,49.0003],[-123.5243,49.1569],[-124.0002,49.4242],[-124.2212,49.5189],[-124.3924,49.5682],[-124.4912,49.6071],[-124.6775,49.7043],[-124.8213,49.8103],[-124.8926,49.9011],[-124.8934,49.9437],[-124.8574,50.0004],[-124.8633,50.0736],[-124.8759,50.1288],[-124.8871,50.1467],[-124.9793,50.2371],[-125.148,50.3646],[-125.1532,50.3933],[-125.218,50.4162],[-125.2608,50.4464],[-125.3169,50.4499],[-125.4152,50.5047],[-125.4266,50.5175],[-125.419,50.528],[-125.4464,50.5428],[-125.4208,50.5511],[-125.4262,50.5648],[-125.4458,50.5751],[-125.4389,50.5897],[-125.4479,50.5996],[-125.3605,50.6488],[-125.3619,50.656],[-125.328,50.6749],[-125.3334,50.6863],[-125.3066,50.6919],[-125.2893,50.705],[-125.2919,50.729],[-125.2242,50.7746],[-125.2126,50.7963],[-125.1611,50.8091],[-125.1484,50.8236],[-125.1558,50.8412],[-125.1868,50.8409],[-125.1768,50.8718],[-125.1944,50.8773],[-125.2345,50.8696],[-125.2449,50.8776],[-125.228,50.89],[-125.2328,50.9022],[-125.2486,50.9092],[-125.2487,50.918],[-125.198,50.9417],[-125.1972,50.958],[-125.2516,50.9584],[-125.2515,50.9787],[-125.2644,51.0003],[-125.3018,51.0126],[-125.321,51.0313],[-125.3106,51.0422],[-125.2488,51.0478],[-125.2346,51.0587],[-125.2552,51.0863],[-125.2923,51.097],[-125.2838,51.134],[-125.3275,51.1383],[-125.2811,51.1671],[-125.299,51.1904],[-125.3285,51.1981],[-125.3411,51.213],[-125.3242,51.2204],[-125.3346,51.2356],[-125.3286,51.2487],[-125.2907,51.2641],[-125.2872,51.2794],[-125.2202,51.2962],[-125.2047,51.3137],[-125.2148,51.3351],[-125.2746,51.3794],[-126.0788,51.5234],[-126.111,51.5164],[-126.097,51.4759],[-126.1056,51.46],[-126.1783,51.4358],[-126.1937,51.4367],[-126.213,51.4516],[-126.2779,51.45],[-126.3074,51.4621],[-126.321,51.457],[-126.3467,51.4625],[-126.3615,51.4511],[-126.3771,51.4625],[-126.3708,51.4753],[-126.4209,51.4748],[-126.4395,51.4884],[-126.4501,51.4837],[-126.4627,51.4568],[-126.4782,51.4486],[-126.4909,51.4272],[-126.556,51.4161],[-126.5745,51.4044],[-126.6179,51.4125],[-126.6083,51.4218],[-126.6168,51.4373],[-126.6622,51.4504],[-126.6989,51.4792],[-126.7292,51.4358],[-126.6996,51.4043],[-126.7133,51.3883],[-126.7124,51.3738],[-126.7282,51.3588],[-126.7222,51.3541],[-126.7303,51.3407],[-126.7463,51.3354],[-126.7516,51.3174],[-126.7676,51.3111],[-126.7645,51.2995],[-126.8079,51.2899],[-126.8162,51.319],[-126.8557,51.3177],[-126.8646,51.304],[-126.89,51.3049],[-126.9161,51.276],[-126.9208,51.2438],[-126.9501,51.2351],[-126.9904,51.2422],[-127.0243,51.2318],[-127.0825,51.2313],[-127.0908,51.229],[-127.0851,51.2241],[-127.2067,51.1992],[-127.235,51.2199],[-127.3218,51.2101],[-127.3449,51.2191],[-127.3668,51.2174],[-127.3871,51.2312],[-127.4594,51.2289],[-127.4839,51.2234],[-127.4565,51.2046],[-127.4924,51.2095],[-127.5101,51.1998],[-127.5689,51.1984],[-127.5993,51.1867],[-127.6633,51.191],[-127.7892,51.1637],[-128.5102,51.1623],[-129.1408,50.9902],[-129.2122,50.8663],[-129.1829,50.7106],[-128.4516,50.2713],[-128.1178,50.0847],[-127.7972,49.9339],[-127.221,49.729],[-126.7842,49.4831]]]}},{"type":"Feature","properties":{"regionNumber":2,"regionName":"Lower Mainland"},"geometry":{"type":"Polygon","coordinates":[[[-121,49.2024],[-121.0592,49.2222],[-121.0767,49.2074],[-121.198,49.2561],[-121.1891,49.2605],[-121.0935,49.2259],[-121.0658,49.2422],[-121.0717,49.2547],[-121.0556,49.27],[-121.0586,49.2764],[-121.0255,49.2918],[-121.0256,49.3057],[-121.0389,49.32],[-121.0831,49.3348],[-121.0635,49.3607],[-121.1152,49.3894],[-121.0961,49.3999],[-121.1009,49.4086],[-121.0896,49.4188],[-121.0806,49.4643],[-121.0863,49.4688],[-121.0535,49.476],[-121.0753,49.4987],[-121.076,49.516],[-121.0428,49.5294],[-121.0491,49.5431],[-121.0303,49.58],[-120.994,49.5947],[-120.9807,49.63],[-120.9579,49.6543],[-120.9564,49.6777],[-121.0322,49.635],[-121.0981,49.6258],[-121.12,49.6106],[-121.1342,49.6228],[-121.1548,49.6175],[-121.19,49.5857],[-121.2088,49.5938],[-121.2277,49.5754],[-121.3062,49.6209],[-121.3297,49.6697],[-121.3712,49.6807],[-121.4138,49.675],[-121.4896,49.7009],[-121.5261,49.7],[-121.5814,49.7416],[-121.7096,49.7611],[-121.7137,49.7701],[-121.7041,49.7882],[-121.7242,49.7956],[-121.73,49.8066],[-121.726,49.8171],[-121.7117,49.823],[-121.7279,49.8471],[-121.7532,49.8554],[-121.7607,49.8712],[-121.7771,49.8644],[-121.7941,49.842],[-121.8576,49.8667],[-121.9106,49.8721],[-121.9403,49.8572],[-121.9665,49.8563],[-121.9725,49.8486],[-121.9675,49.8407],[-121.9909,49.8198],[-122.0206,49.8129],[-122.1009,49.8482],[-122.1585,49.9092],[-122.2422,49.9168],[-122.2332,49.9354],[-122.2647,49.9688],[-122.2408,49.9881],[-122.253,49.9997],[-122.2514,50.0333],[-122.2868,50.0563],[-122.2788,50.0789],[-122.2403,50.0976],[-122.2411,50.1082],[-122.2729,50.1361],[-122.2936,50.172],[-122.3153,50.1762],[-122.2974,50.199],[-122.2795,50.2019],[-122.2669,50.2234],[-122.3609,50.2344],[-122.3423,50.2472],[-122.3708,50.2637],[-122.3575,50.2899],[-122.37,50.3152],[-122.403,50.3331],[-122.4387,50.3287],[-122.4417,50.3415],[-122.4809,50.3694],[-122.5143,50.3745],[-122.5245,50.3868],[-122.5225,50.4166],[-122.4914,50.4201],[-122.5018,50.4438],[-122.4756,50.4425],[-122.442,50.4287],[-122.4184,50.4002],[-122.3571,50.3858],[-122.272,50.4204],[-122.297,50.4356],[-122.3064,50.4548],[-122.2858,50.48],[-122.3077,50.4912],[-122.311,50.5046],[-122.326,50.5071],[-122.3344,50.52],[-122.3567,50.5226],[-122.4151,50.5523],[-122.4897,50.57],[-122.5167,50.592],[-122.5391,50.5778],[-122.6004,50.5947],[-122.6136,50.6036],[-122.6029,50.63],[-122.6352,50.6382],[-122.6216,50.6462],[-122.6265,50.6566],[-122.6751,50.6411],[-122.7599,50.6564],[-122.7924,50.6454],[-122.8254,50.6479],[-122.8617,50.617],[-122.9334,50.5968],[-122.9441,50.5869],[-122.9395,50.5687],[-122.9459,50.5487],[-122.9937,50.5745],[-122.9967,50.6045],[-123.0177,50.5969],[-123.0376,50.6022],[-123.0396,50.5804],[-123.0592,50.5817],[-123.0901,50.5965],[-123.0964,50.6118],[-123.1384,50.6216],[-123.143,50.6357],[-123.1718,50.6356],[-123.1752,50.6512],[-123.2307,50.7197],[-123.2832,50.7311],[-123.3185,50.7284],[-123.3408,50.751],[-123.3101,50.7676],[-123.349,50.7742],[-123.3646,50.7971],[-123.4152,50.7845],[-123.4459,50.795],[-123.51,50.7814],[-123.5224,50.7894],[-123.565,50.7924],[-123.6043,50.775],[-123.6188,50.7875],[-123.6931,50.8049],[-123.6936,50.8307],[-123.7198,50.8322],[-123.7166,50.8558],[-123.7243,50.8785],[-123.7648,50.8866],[-123.7641,50.9055],[-123.8133,50.9109],[-123.8378,50.925],[-123.8406,50.9344],[-123.8659,50.9345],[-123.879,50.9495],[-123.9327,50.9344],[-123.9948,50.9655],[-124.0274,50.9376],[-124.0368,50.9387],[-124.0576,50.9732],[-124.0909,50.9825],[-124.0777,51.0007],[-124.0933,51.0183],[-124.1365,51.026],[-124.151,51.0482],[-124.1705,51.0575],[-124.1614,51.073],[-124.1449,51.0718],[-124.1436,51.0834],[-124.1677,51.0963],[-124.1793,51.1367],[-124.2375,51.1502],[-124.3029,51.1345],[-124.328,51.1502],[-124.3746,51.1465],[-124.3777,51.1541],[-124.3681,51.1674],[-124.3733,51.1922],[-124.4093,51.1793],[-124.4253,51.1525],[-124.4414,51.1494],[-124.495,51.1704],[-125.2544,51.3686],[-125.2148,51.3351],[-125.2047,51.3137],[-125.2202,51.2962],[-125.2872,51.2794],[-125.2907,51.2641],[-125.3208,51.2544],[-125.3332,51.2422],[-125.3242,51.2204],[-125.3411,51.213],[-125.3285,51.1981],[-125.299,51.1904],[-125.2811,51.1671],[-125.3275,51.1383],[-125.2838,51.134],[-125.2923,51.097],[-125.2552,51.0863],[-125.2346,51.0587],[-125.2488,51.0478],[-125.3106,51.0422],[-125.321,51.0313],[-125.3018,51.0126],[-125.2644,51.0003],[-125.2515,50.9787],[-125.2516,50.9584],[-125.1972,50.958],[-125.198,50.9417],[-125.2487,50.918],[-125.2486,50.9092],[-125.2328,50.9022],[-125.228,50.89],[-125.2449,50.8776],[-125.2345,50.8696],[-125.1944,50.8773],[-125.1768,50.8718],[-125.1868,50.8409],[-125.1558,50.8412],[-125.1484,50.8236],[-125.1611,50.8091],[-125.2126,50.7963],[-125.2242,50.7746],[-125.2919,50.729],[-125.2893,50.705],[-125.3066,50.6919],[-125.3334,50.6863],[-125.328,50.6749],[-125.3619,50.656],[-125.3605,50.6488],[-125.4479,50.5996],[-125.4389,50.5897],[-125.4458,50.5751],[-125.4262,50.5648],[-125.4208,50.5511],[-125.4464,50.5428],[-125.419,50.528],[-125.4266,50.5175],[-125.4152,50.5047],[-125.3169,50.4499],[-125.2608,50.4464],[-125.218,50.4162],[-125.1532,50.3933],[-125.148,50.3646],[-124.9793,50.2371],[-124.8871,50.1467],[-124.8759,50.1288],[-124.8633,50.0736],[-124.8574,50.0004],[-124.8934,49.9437],[-124.8926,49.9011],[-124.8213,49.8103],[-124.6775,49.7043],[-124.4912,49.6071],[-124.3924,49.5682],[-124.2212,49.5189],[-124.0002,49.4242],[-123.5243,49.1569],[-123.3146,49.0025],[-121.0195,49.0003],[-121.0616,49.1025],[-121.0384,49.1111],[-121.0423,49.1294],[-121.0024,49.1295],[-120.988,49.1201],[-120.9755,49.1244],[-121.0038,49.1545],[-120.9748,49.1861],[-121,49.2024]]]}},{"type":"Feature","properties":{"regionNumber":3,"regionName":"Thompson"},"geometry":{"type":"Polygon","coordinates":[[[-122.3007,50.446],[-122.2967,50.4354],[-122.2699,50.4227],[-122.3557,50.3857],[-122.4184,50.4002],[-122.442,50.4287],[-122.4756,50.4425],[-122.5018,50.4438],[-122.4914,50.4201],[-122.5225,50.4166],[-122.5245,50.3868],[-122.5143,50.3745],[-122.4809,50.3694],[-122.4417,50.3415],[-122.4387,50.3287],[-122.403,50.3331],[-122.37,50.3152],[-122.3575,50.2899],[-122.3708,50.2637],[-122.3423,50.2472],[-122.3609,50.2344],[-122.2669,50.2234],[-122.2795,50.2019],[-122.2974,50.199],[-122.3153,50.1762],[-122.2936,50.172],[-122.2729,50.1361],[-122.2411,50.1082],[-122.2403,50.0976],[-122.2788,50.0789],[-122.2868,50.0563],[-122.2514,50.0333],[-122.253,49.9997],[-122.2408,49.9881],[-122.2647,49.9688],[-122.2332,49.9354],[-122.2422,49.9168],[-122.1585,49.9092],[-122.1009,49.8482],[-122.0206,49.8129],[-121.9909,49.8198],[-121.9675,49.8407],[-121.9725,49.8486],[-121.9665,49.8563],[-121.9403,49.8572],[-121.9106,49.8721],[-121.8576,49.8667],[-121.7941,49.842],[-121.7771,49.8644],[-121.7607,49.8712],[-121.7532,49.8554],[-121.7279,49.8471],[-121.7117,49.823],[-121.726,49.8171],[-121.73,49.8066],[-121.7242,49.7956],[-121.7041,49.7882],[-121.7137,49.7701],[-121.7096,49.7611],[-121.5814,49.7416],[-121.5261,49.7],[-121.4896,49.7009],[-121.4138,49.675],[-121.3712,49.6807],[-121.3297,49.6697],[-121.3062,49.6209],[-121.2277,49.5754],[-121.2088,49.5938],[-121.19,49.5857],[-121.1548,49.6175],[-121.1342,49.6228],[-121.1165,49.6113],[-121.0981,49.6258],[-121.0322,49.635],[-120.9712,49.6675],[-120.9564,49.6777],[-120.972,49.6905],[-120.9529,49.7124],[-120.9331,49.7203],[-120.9166,49.7407],[-120.9169,49.7599],[-120.8999,49.7665],[-120.8768,49.7912],[-120.8779,49.8059],[-120.8632,49.8228],[-120.8704,49.85],[-120.8584,49.8618],[-120.7876,49.8737],[-120.777,49.8804],[-120.7785,49.8967],[-120.7708,49.9002],[-120.7177,49.8895],[-120.6867,49.8957],[-120.6717,49.928],[-120.654,49.945],[-120.6457,49.9779],[-120.6147,49.972],[-120.6169,49.9528],[-120.5948,49.9549],[-120.5748,49.9424],[-120.547,49.9405],[-120.5147,49.9112],[-120.458,49.8852],[-120.3653,49.8977],[-120.327,49.8908],[-120.2976,49.8675],[-120.2399,49.883],[-120.2057,49.8834],[-120.1654,49.8987],[-120.0245,49.9091],[-119.9815,49.9312],[-119.9415,49.9209],[-119.9381,49.9339],[-119.9149,49.9511],[-119.8546,49.9736],[-119.8635,49.9797],[-119.83,49.981],[-119.8257,49.9854],[-119.8347,49.9904],[-119.8235,49.999],[-119.7791,50.0045],[-119.7732,50.0139],[-119.7971,50.0199],[-119.8054,50.0312],[-119.7606,50.0454],[-119.7622,50.0636],[-119.7415,50.0772],[-119.7596,50.0838],[-119.7429,50.0906],[-119.7365,50.1134],[-119.7449,50.1236],[-119.7757,50.1224],[-119.7805,50.1477],[-119.7959,50.1518],[-119.8111,50.1772],[-119.8278,50.1828],[-119.7983,50.2039],[-119.7393,50.2038],[-119.7603,50.233],[-119.7535,50.2564],[-119.7156,50.2661],[-119.6813,50.3052],[-119.7195,50.3182],[-119.6643,50.335],[-119.6688,50.3444],[-119.661,50.3583],[-119.6445,50.3625],[-119.6338,50.3766],[-119.64,50.4119],[-119.692,50.4066],[-119.6652,50.4297],[-119.5924,50.4518],[-119.582,50.4649],[-119.5383,50.4296],[-119.4506,50.4172],[-119.4415,50.4022],[-119.4221,50.3953],[-119.4262,50.4072],[-119.3861,50.4239],[-119.3652,50.4212],[-119.3029,50.456],[-119.2954,50.4659],[-119.3114,50.5104],[-119.2911,50.5478],[-119.2898,50.5762],[-119.3054,50.5932],[-119.2918,50.6107],[-119.2925,50.6317],[-119.2664,50.6483],[-119.2234,50.6502],[-119.1579,50.6889],[-119.1328,50.729],[-119.1401,50.7607],[-119.0016,50.7655],[-118.9498,50.7829],[-118.9132,50.7679],[-118.9017,50.7503],[-118.8848,50.749],[-118.8501,50.7665],[-118.8295,50.7677],[-118.8232,50.7805],[-118.8294,50.7778],[-118.8348,50.7926],[-118.7862,50.8134],[-118.7812,50.8262],[-118.7202,50.8243],[-118.7075,50.8126],[-118.6733,50.8162],[-118.6621,50.8274],[-118.6683,50.8411],[-118.6497,50.8519],[-118.6319,50.8502],[-118.6417,50.8723],[-118.6159,50.8905],[-118.6135,50.9211],[-118.5883,50.9255],[-118.5783,50.9393],[-118.5421,50.9393],[-118.531,50.9316],[-118.5377,50.9279],[-118.4861,50.9037],[-118.4479,50.9026],[-118.4069,50.8835],[-118.3021,50.8877],[-118.3151,50.9011],[-118.3121,50.9088],[-118.3291,50.9471],[-118.346,50.9539],[-118.3509,50.9698],[-118.3878,51.0011],[-118.407,50.9977],[-118.421,51.0112],[-118.4182,51.0246],[-118.4338,51.0487],[-118.4307,51.0579],[-118.4173,51.0623],[-118.429,51.0737],[-118.4603,51.08],[-118.4609,51.0917],[-118.4757,51.1023],[-118.4721,51.1295],[-118.4888,51.141],[-118.4861,51.1505],[-118.4683,51.158],[-118.4718,51.1737],[-118.5376,51.1795],[-118.5638,51.197],[-118.563,51.2045],[-118.5458,51.208],[-118.5432,51.2155],[-118.5736,51.2414],[-118.5751,51.253],[-118.5455,51.2818],[-118.5568,51.2997],[-118.5863,51.3026],[-118.6123,51.3337],[-118.6127,51.3646],[-118.5879,51.3769],[-118.5793,51.3919],[-118.6144,51.4128],[-118.606,51.4249],[-118.6108,51.4429],[-118.6301,51.4473],[-118.6313,51.4655],[-118.6658,51.4618],[-118.7027,51.4774],[-118.7127,51.4913],[-118.6907,51.505],[-118.7271,51.5255],[-118.7412,51.5295],[-118.7655,51.5218],[-118.7793,51.5369],[-118.7927,51.5249],[-118.8278,51.5291],[-118.8253,51.584],[-118.8128,51.6033],[-118.8172,51.6308],[-118.8544,51.645],[-118.8909,51.6478],[-118.9227,51.6873],[-118.9148,51.7064],[-118.9182,51.718],[-118.8864,51.7346],[-118.8956,51.7658],[-118.8838,51.7819],[-118.9253,51.7952],[-118.9415,51.7926],[-118.966,51.825],[-118.9489,51.834],[-118.9525,51.8507],[-118.9904,51.8659],[-118.9676,51.8729],[-118.9653,51.8858],[-118.9732,51.9112],[-118.9873,51.9217],[-118.985,51.9326],[-118.9084,51.9269],[-118.8898,51.9524],[-118.9146,51.9666],[-118.9691,51.976],[-118.9681,51.9873],[-118.9469,52.0079],[-118.9435,52.0274],[-118.9278,52.0373],[-118.851,52.0478],[-118.8502,52.0622],[-118.872,52.0745],[-118.8532,52.0891],[-118.8661,52.1024],[-118.8347,52.1477],[-118.8341,52.164],[-118.8022,52.1781],[-118.8506,52.2118],[-118.8332,52.2203],[-118.8371,52.2322],[-118.8898,52.2477],[-118.8823,52.2619],[-118.849,52.2744],[-118.8378,52.2888],[-118.7844,52.3071],[-118.7933,52.3172],[-118.8545,52.3407],[-118.9173,52.3482],[-118.9331,52.38],[-118.9451,52.3868],[-118.9252,52.4037],[-118.9304,52.4096],[-118.9208,52.4207],[-118.9411,52.4373],[-118.9324,52.452],[-118.8841,52.477],[-118.8866,52.4882],[-118.9084,52.5045],[-118.9045,52.5274],[-118.9331,52.5496],[-118.9234,52.5664],[-118.9886,52.5863],[-119.0004,52.601],[-119.0186,52.5937],[-119.0364,52.5975],[-119.0532,52.633],[-119.1053,52.6706],[-119.1697,52.6466],[-119.1885,52.6232],[-119.193,52.5997],[-119.216,52.6059],[-119.258,52.5983],[-119.2932,52.6016],[-119.3538,52.5878],[-119.3746,52.615],[-119.3616,52.6268],[-119.3611,52.6559],[-119.4072,52.6488],[-119.4268,52.6381],[-119.4667,52.6482],[-119.5268,52.6292],[-119.5401,52.6551],[-119.5376,52.6662],[-119.5785,52.6519],[-119.6077,52.6771],[-119.6189,52.7046],[-119.6728,52.6978],[-119.7098,52.6761],[-119.7457,52.6809],[-119.7653,52.6606],[-119.8479,52.6902],[-119.862,52.6823],[-119.8788,52.6934],[-119.8914,52.716],[-119.9196,52.7229],[-119.9567,52.7177],[-119.9667,52.7375],[-119.9985,52.7468],[-120.0206,52.7745],[-120.0418,52.8208],[-120.0911,52.8411],[-120.1,52.8572],[-120.1266,52.8754],[-120.1471,52.8737],[-120.1688,52.8563],[-120.2116,52.8767],[-120.2571,52.8525],[-120.2753,52.8655],[-120.3135,52.8593],[-120.3342,52.8322],[-120.3233,52.8191],[-120.2972,52.8142],[-120.3413,52.788],[-120.3366,52.7779],[-120.3064,52.7809],[-120.2883,52.7705],[-120.2931,52.7551],[-120.2767,52.7465],[-120.2996,52.7249],[-120.2683,52.7139],[-120.2925,52.7057],[-120.2622,52.6824],[-120.2699,52.6667],[-120.2926,52.6543],[-120.2366,52.638],[-120.2357,52.6228],[-120.283,52.6151],[-120.2839,52.5896],[-120.3006,52.5898],[-120.317,52.5692],[-120.323,52.5741],[-120.3648,52.5259],[-120.3949,52.5313],[-120.4346,52.523],[-120.4506,52.506],[-120.51,52.4962],[-120.5417,52.4722],[-120.5361,52.4583],[-120.5151,52.4561],[-120.4581,52.4188],[-120.4674,52.4072],[-120.5166,52.3885],[-120.5318,52.3543],[-120.5164,52.3439],[-120.5366,52.3339],[-120.5261,52.3267],[-120.5087,52.3289],[-120.4663,52.3051],[-120.4946,52.2845],[-120.4675,52.2545],[-120.4436,52.2409],[-120.4291,52.2149],[-120.3864,52.2097],[-120.3853,52.1977],[-120.4037,52.1921],[-120.3904,52.1753],[-120.4068,52.1456],[-120.3794,52.1358],[-120.3458,52.1559],[-120.3246,52.1542],[-120.3234,52.0924],[-120.3481,52.0905],[-120.3495,52.0699],[-120.3596,52.0624],[-120.3568,52.0431],[-120.3741,52.023],[-120.3515,52.0091],[-120.3139,52.0221],[-120.2954,52.0154],[-120.2708,52.0187],[-120.2438,52.0093],[-120.2369,51.9965],[-120.2383,51.991],[-120.2788,51.991],[-120.2716,51.9645],[-120.3204,51.972],[-120.3702,51.953],[-120.3805,51.939],[-120.4345,51.9254],[-120.4673,51.9314],[-120.5593,51.916],[-120.5592,51.8887],[-120.584,51.8688],[-120.6147,51.8789],[-120.6294,51.871],[-120.6222,51.871],[-120.6222,51.8637],[-120.5757,51.8637],[-120.5719,51.8784],[-120.5592,51.8844],[-120.5569,51.4781],[-120.5654,51.4935],[-120.6033,51.5073],[-120.6409,51.5046],[-120.6666,51.4875],[-120.7224,51.4801],[-120.7255,51.4705],[-120.7457,51.461],[-120.773,51.4634],[-120.8277,51.4518],[-120.8391,51.4322],[-120.8744,51.4118],[-120.9293,51.3991],[-120.9712,51.4018],[-121.0382,51.3789],[-121.0736,51.3575],[-121.139,51.3531],[-121.1987,51.3641],[-121.3138,51.3455],[-121.3478,51.3167],[-121.4228,51.2912],[-121.5332,51.2078],[-121.5332,51.1973],[-121.5092,51.1809],[-121.496,51.1335],[-121.6243,51.0764],[-121.6647,51.0527],[-121.6925,51.0257],[-121.7443,51.0204],[-121.796,50.9887],[-121.83,50.9895],[-121.842,50.9725],[-121.8694,50.9578],[-121.9113,50.9847],[-121.9098,51.0045],[-121.9475,51.0474],[-121.96,51.0858],[-122.0463,51.1229],[-122.0378,51.1394],[-122.0532,51.1581],[-122.1332,51.1847],[-122.1499,51.1982],[-122.1514,51.2238],[-122.1631,51.2268],[-122.1847,51.2548],[-122.2375,51.2468],[-122.2648,51.2601],[-122.2928,51.2586],[-122.3084,51.2695],[-122.3449,51.2668],[-122.4303,51.2296],[-122.4396,51.2139],[-122.4717,51.2032],[-122.5043,51.1971],[-122.5191,51.2075],[-122.5484,51.2017],[-122.5623,51.1777],[-122.5859,51.1722],[-122.5995,51.1513],[-122.5911,51.1404],[-122.5922,51.1168],[-122.576,51.1013],[-122.6078,51.09],[-122.6141,51.0782],[-122.6341,51.0901],[-122.6633,51.0929],[-122.7138,51.1336],[-122.7293,51.1587],[-122.7715,51.1376],[-122.7894,51.1532],[-122.8227,51.1453],[-122.9458,51.1928],[-123.0123,51.197],[-123.0643,51.2109],[-123.0677,51.1867],[-123.0521,51.1817],[-123.0542,51.165],[-123.039,51.1525],[-123.0646,51.1416],[-123.0724,51.1298],[-123.0994,51.1405],[-123.1392,51.1314],[-123.1505,51.1202],[-123.1516,51.0998],[-123.1623,51.0851],[-123.2306,51.058],[-123.2506,51.0395],[-123.2562,51.0238],[-123.2438,51.0001],[-123.2966,50.9956],[-123.3117,50.9814],[-123.33,50.9952],[-123.3837,50.9968],[-123.4102,50.9795],[-123.4323,50.981],[-123.4627,50.9658],[-123.4888,50.967],[-123.5378,50.9338],[-123.5799,50.939],[-123.6136,50.8943],[-123.6541,50.9037],[-123.6674,50.8786],[-123.6962,50.8832],[-123.7221,50.8732],[-123.7198,50.8322],[-123.6936,50.8307],[-123.6931,50.8049],[-123.6188,50.7875],[-123.6043,50.775],[-123.565,50.7924],[-123.5224,50.7894],[-123.51,50.7814],[-123.4459,50.795],[-123.4152,50.7845],[-123.3646,50.7971],[-123.349,50.7742],[-123.3101,50.7676],[-123.3408,50.751],[-123.3185,50.7284],[-123.2832,50.7311],[-123.2307,50.7197],[-123.1989,50.6849],[-123.1677,50.6327],[-123.143,50.6357],[-123.1384,50.6216],[-123.0964,50.6118],[-123.0901,50.5965],[-123.0511,50.5791],[-123.0376,50.5827],[-123.0376,50.6022],[-123.0177,50.5969],[-122.9967,50.6045],[-122.9937,50.5745],[-122.9475,50.549],[-122.9395,50.5687],[-122.9441,50.5869],[-122.9334,50.5968],[-122.8617,50.617],[-122.8254,50.6479],[-122.7924,50.6454],[-122.7599,50.6564],[-122.6751,50.6411],[-122.6265,50.6566],[-122.6216,50.6462],[-122.6352,50.6382],[-122.6029,50.63],[-122.6136,50.6036],[-122.6004,50.5947],[-122.5391,50.5778],[-122.5159,50.5917],[-122.4921,50.571],[-122.4151,50.5523],[-122.313,50.5063],[-122.3077,50.4912],[-122.2835,50.4753],[-122.3046,50.4637],[-122.3007,50.446]]]}},{"type":"Feature","properties":{"regionNumber":4,"regionName":"Kootenay"},"geometry":{"type":"Polygon","coordinates":[[[-118.295,50.1349],[-118.2921,50.099],[-118.3392,50.0993],[-118.3748,50.091],[-118.3867,50.0776],[-118.4536,50.0755],[-118.4971,50.051],[-118.5,50.0402],[-118.4301,50.0168],[-118.427,50.0097],[-118.4684,50.0014],[-118.4693,49.9952],[-118.4595,49.9785],[-118.4092,49.9722],[-118.4175,49.9087],[-118.3771,49.9123],[-118.3529,49.8942],[-118.3455,49.8552],[-118.357,49.8224],[-118.3111,49.8156],[-118.296,49.8038],[-118.3009,49.7959],[-118.2868,49.7919],[-118.2838,49.7787],[-118.2945,49.7667],[-118.2887,49.7548],[-118.2945,49.7438],[-118.2811,49.7402],[-118.2703,49.7095],[-118.2774,49.6778],[-118.2714,49.6667],[-118.2421,49.6623],[-118.2397,49.6412],[-118.2531,49.6053],[-118.2428,49.5595],[-118.2558,49.5513],[-118.2588,49.5358],[-118.2769,49.5248],[-118.2748,49.509],[-118.2841,49.4948],[-118.2803,49.4713],[-118.2531,49.4426],[-118.2606,49.4277],[-118.2745,49.4219],[-118.256,49.4033],[-118.2455,49.4033],[-118.2182,49.3591],[-118.2302,49.3418],[-118.2172,49.3373],[-118.2141,49.3261],[-118.1893,49.3261],[-118.1654,49.2782],[-118.116,49.2625],[-118.0807,49.2367],[-118.0676,49.2077],[-118.0766,49.1792],[-118.0482,49.172],[-118.036,49.1537],[-118.0618,49.1474],[-118.0527,49.1415],[-118.0485,49.1186],[-118.0539,49.0528],[-118.0472,49.0346],[-118.0641,48.9981],[-114.0622,48.9996],[-114.0623,49.0112],[-114.0496,49.0256],[-114.0559,49.0433],[-114.0752,49.0608],[-114.0934,49.0623],[-114.1404,49.0941],[-114.1449,49.1197],[-114.1584,49.1353],[-114.1435,49.1455],[-114.1665,49.1632],[-114.2012,49.1725],[-114.2213,49.1895],[-114.2492,49.1795],[-114.2761,49.18],[-114.3151,49.2003],[-114.3459,49.1946],[-114.3876,49.2072],[-114.3969,49.2137],[-114.3901,49.2197],[-114.3993,49.2256],[-114.3972,49.2394],[-114.3751,49.2481],[-114.4426,49.2659],[-114.4441,49.2896],[-114.4537,49.3023],[-114.4843,49.3144],[-114.486,49.3219],[-114.4748,49.3305],[-114.4868,49.3509],[-114.5169,49.3567],[-114.5252,49.3762],[-114.5549,49.3767],[-114.5835,49.3931],[-114.5975,49.4524],[-114.5894,49.4697],[-114.589,49.5016],[-114.5671,49.5263],[-114.571,49.5584],[-114.5842,49.5644],[-114.6079,49.5494],[-114.6379,49.5435],[-114.6749,49.5552],[-114.6923,49.5477],[-114.73,49.5803],[-114.7465,49.6122],[-114.6986,49.6359],[-114.6597,49.639],[-114.6527,49.6603],[-114.6703,49.6959],[-114.6328,49.7183],[-114.6269,49.7329],[-114.6532,49.7648],[-114.6304,49.7861],[-114.6407,49.8177],[-114.6364,49.8298],[-114.6813,49.8896],[-114.6906,49.9422],[-114.6767,49.9646],[-114.6519,49.9684],[-114.6469,49.9776],[-114.648,49.9952],[-114.662,49.9997],[-114.6522,50.0215],[-114.6678,50.0479],[-114.6596,50.0595],[-114.6852,50.0724],[-114.728,50.1183],[-114.7208,50.1428],[-114.7286,50.145],[-114.7217,50.1543],[-114.7273,50.1695],[-114.7187,50.1868],[-114.7624,50.245],[-114.748,50.2731],[-114.7478,50.2911],[-114.7535,50.2991],[-114.7754,50.2994],[-114.7783,50.3164],[-114.7949,50.3296],[-114.7672,50.3438],[-114.7644,50.3541],[-114.8134,50.3694],[-114.8085,50.3803],[-114.8207,50.3897],[-114.8575,50.3954],[-114.8585,50.4241],[-114.873,50.4397],[-114.8872,50.4369],[-114.9048,50.4488],[-115.0007,50.5577],[-115.0133,50.5828],[-115.0497,50.5724],[-115.0643,50.586],[-115.116,50.5695],[-115.1717,50.5675],[-115.1887,50.5544],[-115.1846,50.5391],[-115.2059,50.5278],[-115.2276,50.5441],[-115.2256,50.5541],[-115.2401,50.5718],[-115.2289,50.5774],[-115.2374,50.5891],[-115.2729,50.5998],[-115.2924,50.6122],[-115.2948,50.6253],[-115.309,50.6283],[-115.3094,50.6382],[-115.2817,50.639],[-115.2729,50.6486],[-115.3114,50.7245],[-115.3518,50.7225],[-115.3684,50.717],[-115.3762,50.7051],[-115.3895,50.7063],[-115.4081,50.7143],[-115.4088,50.7357],[-115.4302,50.754],[-115.4703,50.7545],[-115.4978,50.7867],[-115.5237,50.7868],[-115.5335,50.7977],[-115.5464,50.7986],[-115.5612,50.8115],[-115.5569,50.8259],[-115.5695,50.8386],[-115.6027,50.8456],[-115.6176,50.8364],[-115.6384,50.8421],[-115.6454,50.8727],[-115.5611,50.895],[-115.565,50.905],[-115.6067,50.9281],[-115.5985,50.942],[-115.6281,50.9816],[-115.6479,50.9985],[-115.6656,50.9999],[-115.6887,51.0281],[-115.7186,51.0168],[-115.7344,51.0238],[-115.7359,51.0325],[-115.7655,51.0401],[-115.7707,51.0519],[-115.749,51.0742],[-115.7961,51.07],[-115.8134,51.0816],[-115.8358,51.0747],[-115.896,51.092],[-115.9006,51.0781],[-115.9442,51.0998],[-115.9658,51.1208],[-116.004,51.1253],[-116.0117,51.1331],[-116.0112,51.1526],[-116.0315,51.168],[-116.0147,51.1881],[-115.9961,51.1959],[-116.007,51.2229],[-116.0368,51.2241],[-116.064,51.2483],[-116.1449,51.2639],[-116.1541,51.2723],[-116.1492,51.2863],[-116.1601,51.2962],[-116.1911,51.3016],[-116.2152,51.2936],[-116.2615,51.3108],[-116.2842,51.3372],[-116.2777,51.3578],[-116.3069,51.3821],[-116.2794,51.4083],[-116.2915,51.427],[-116.2831,51.4562],[-116.3605,51.4734],[-116.3922,51.5053],[-116.3927,51.5199],[-116.3797,51.5309],[-116.3871,51.5423],[-116.4618,51.5656],[-116.4683,51.5996],[-116.498,51.6264],[-116.551,51.64],[-116.5944,51.6615],[-116.5772,51.6866],[-116.5886,51.6944],[-116.5815,51.6986],[-116.5852,51.7143],[-116.6298,51.731],[-116.6249,51.7497],[-116.6494,51.7545],[-116.6424,51.7864],[-116.6556,51.8029],[-116.6779,51.8122],[-116.7137,51.7986],[-116.7481,51.8038],[-116.7676,51.778],[-116.8185,51.7376],[-116.7927,51.7214],[-116.808,51.7046],[-116.9137,51.7086],[-116.9255,51.728],[-116.9701,51.7584],[-116.9694,51.7691],[-116.9601,51.7727],[-116.9597,51.7905],[-116.9901,51.8118],[-116.9784,51.8346],[-117.0107,51.8378],[-117.0326,51.858],[-117.0342,51.8677],[-117.0115,51.8897],[-117.0943,51.9403],[-117.1036,51.9564],[-117.1166,51.9553],[-117.1486,51.9737],[-117.1946,51.98],[-117.1974,51.9918],[-117.2343,52.0089],[-117.2133,52.029],[-117.2595,52.0433],[-117.3019,52.0725],[-117.293,52.0941],[-117.2937,52.1281],[-117.31,52.156],[-117.3129,52.1823],[-117.3245,52.17],[-117.3295,52.1476],[-117.3409,52.1414],[-117.4641,52.1437],[-117.5128,52.1578],[-117.5244,52.1453],[-117.5585,52.1472],[-117.5585,52.1302],[-117.5674,52.1286],[-117.6039,52.1429],[-117.6206,52.1693],[-117.6388,52.1744],[-117.6586,52.1956],[-117.7298,52.1891],[-117.7407,52.1937],[-117.7399,52.2021],[-117.8083,52.2234],[-117.8404,52.2726],[-117.8804,52.2884],[-117.8869,52.31],[-117.9327,52.3414],[-117.9317,52.3644],[-117.9498,52.3711],[-117.9709,52.3666],[-118.0056,52.383],[-118.0153,52.403],[-118.0394,52.3977],[-118.1403,52.4064],[-118.1431,52.3944],[-118.1738,52.391],[-118.1853,52.3739],[-118.2398,52.378],[-118.2538,52.3516],[-118.2876,52.3403],[-118.316,52.3674],[-118.36,52.3635],[-118.3889,52.3365],[-118.4227,52.3374],[-118.4402,52.3238],[-118.4908,52.3122],[-118.4905,52.2967],[-118.4979,52.29],[-118.5512,52.2826],[-118.5618,52.2582],[-118.5534,52.2335],[-118.5656,52.2266],[-118.5787,52.1909],[-118.6003,52.1914],[-118.6787,52.1516],[-118.6927,52.165],[-118.7237,52.1618],[-118.7308,52.1738],[-118.7545,52.1848],[-118.8314,52.1666],[-118.8362,52.1449],[-118.8661,52.1024],[-118.8532,52.0891],[-118.872,52.0745],[-118.8502,52.0622],[-118.8485,52.051],[-118.934,52.0337],[-118.9712,51.9798],[-118.8916,51.957],[-118.9017,51.9329],[-118.9389,51.9272],[-118.9817,51.9348],[-118.9875,51.9277],[-118.9653,51.8858],[-118.9676,51.8729],[-118.9904,51.8659],[-118.9494,51.8456],[-118.9489,51.834],[-118.9655,51.827],[-118.961,51.8125],[-118.9415,51.7926],[-118.9253,51.7952],[-118.8838,51.7819],[-118.8956,51.7658],[-118.8864,51.7346],[-118.9182,51.718],[-118.9208,51.6839],[-118.8909,51.6478],[-118.8491,51.6435],[-118.815,51.6265],[-118.8139,51.5929],[-118.8253,51.584],[-118.8307,51.5325],[-118.7927,51.5249],[-118.7793,51.5369],[-118.7655,51.5218],[-118.7313,51.5269],[-118.6907,51.505],[-118.7127,51.4913],[-118.7027,51.4774],[-118.6658,51.4618],[-118.629,51.4641],[-118.6301,51.4473],[-118.6101,51.441],[-118.606,51.4249],[-118.6144,51.4128],[-118.5793,51.3919],[-118.5879,51.3769],[-118.6127,51.3646],[-118.6123,51.3337],[-118.5863,51.3026],[-118.5568,51.2997],[-118.5455,51.2818],[-118.5751,51.253],[-118.5736,51.2414],[-118.5432,51.2155],[-118.5458,51.208],[-118.563,51.2045],[-118.5638,51.197],[-118.5376,51.1795],[-118.4718,51.1737],[-118.4683,51.158],[-118.4861,51.1505],[-118.4888,51.141],[-118.4721,51.1295],[-118.4783,51.1069],[-118.4609,51.0917],[-118.4603,51.08],[-118.429,51.0737],[-118.4173,51.0623],[-118.4307,51.0579],[-118.4338,51.0487],[-118.4182,51.0246],[-118.421,51.0112],[-118.407,50.9977],[-118.3878,51.0011],[-118.3509,50.9698],[-118.346,50.9539],[-118.3291,50.9471],[-118.3063,50.8898],[-118.2753,50.8957],[-118.2516,50.8896],[-118.289,50.8728],[-118.2914,50.8609],[-118.2699,50.8431],[-118.2741,50.8255],[-118.2606,50.8229],[-118.2661,50.8113],[-118.2547,50.7975],[-118.261,50.794],[-118.2571,50.7832],[-118.2294,50.7613],[-118.2309,50.7484],[-118.2029,50.7339],[-118.2017,50.6982],[-118.2096,50.6822],[-118.173,50.6703],[-118.1732,50.6647],[-118.2043,50.656],[-118.1995,50.6393],[-118.181,50.6353],[-118.1782,50.6229],[-118.1628,50.6114],[-118.1696,50.6066],[-118.1628,50.5894],[-118.1786,50.579],[-118.17,50.5633],[-118.1863,50.55],[-118.2107,50.5472],[-118.2162,50.5386],[-118.2037,50.5308],[-118.2118,50.516],[-118.1875,50.5005],[-118.1444,50.4921],[-118.1552,50.4795],[-118.1415,50.4609],[-118.2115,50.4666],[-118.2021,50.455],[-118.2086,50.438],[-118.2685,50.4359],[-118.272,50.4044],[-118.2529,50.3986],[-118.2782,50.3946],[-118.3006,50.378],[-118.2941,50.3402],[-118.2588,50.3371],[-118.2702,50.2687],[-118.2561,50.2264],[-118.2362,50.2067],[-118.2586,50.1815],[-118.2527,50.168],[-118.2749,50.1591],[-118.295,50.1349]]]}},{"type":"Feature","properties":{"regionNumber":5,"regionName":"Cariboo"},"geometry":{"type":"Polygon","coordinates":[[[-120.2814,52.7],[-120.2925,52.7057],[-120.2683,52.7139],[-120.2996,52.7249],[-120.2767,52.7465],[-120.2931,52.7551],[-120.2883,52.7705],[-120.3064,52.7809],[-120.3366,52.7779],[-120.3413,52.788],[-120.2972,52.8142],[-120.3233,52.8191],[-120.334,52.8338],[-120.3135,52.8593],[-120.2753,52.8655],[-120.2571,52.8525],[-120.2116,52.8767],[-120.1677,52.8567],[-120.1349,52.8765],[-120.1706,52.9191],[-120.1934,52.9281],[-120.2245,52.9192],[-120.3338,52.925],[-120.3732,52.962],[-120.4207,52.9574],[-120.4376,52.9722],[-120.4353,52.9882],[-120.4476,52.9934],[-120.4434,53.0059],[-120.4558,53.0111],[-120.4575,53.0242],[-120.4433,53.0494],[-120.4158,53.0733],[-120.4182,53.1075],[-120.4577,53.1187],[-120.4545,53.1352],[-120.4708,53.1589],[-120.5093,53.1654],[-120.5264,53.1454],[-120.54,53.1538],[-120.5458,53.1849],[-120.5878,53.189],[-120.6652,53.2296],[-120.7156,53.269],[-120.7683,53.2552],[-120.7947,53.2642],[-120.8071,53.2845],[-120.8609,53.286],[-120.88,53.2994],[-120.9141,53.3071],[-120.9411,53.2988],[-120.9317,53.2913],[-120.9356,53.2843],[-120.9763,53.2766],[-120.9769,53.3045],[-121.0131,53.3276],[-120.9959,53.381],[-121.0066,53.3852],[-121.0112,53.3974],[-121.0009,53.4067],[-121.0127,53.4276],[-121.0494,53.4098],[-121.0481,53.3967],[-121.0847,53.3888],[-121.111,53.3974],[-121.1223,53.3781],[-121.117,53.3625],[-121.1415,53.3623],[-121.1583,53.3469],[-121.1895,53.336],[-121.2261,53.3368],[-121.2256,53.3292],[-121.2695,53.2909],[-121.4152,53.2838],[-121.4153,53.2672],[-121.3987,53.2669],[-121.3983,53.2597],[-121.4899,53.2255],[-121.5526,53.2196],[-121.5829,53.2572],[-121.6561,53.2382],[-121.7143,53.2599],[-121.7341,53.2536],[-121.781,53.2769],[-121.8123,53.3035],[-121.8385,53.3112],[-121.9455,53.294],[-121.9483,53.3165],[-121.9553,53.3074],[-121.9862,53.3007],[-122.0343,53.3115],[-122.0852,53.2953],[-122.1027,53.2404],[-122.1425,53.224],[-122.2018,53.2091],[-122.2494,53.2112],[-122.2661,53.1895],[-122.3009,53.1815],[-122.3101,53.1702],[-122.3616,53.1932],[-122.3801,53.1933],[-122.4155,53.2201],[-122.4331,53.2201],[-122.4412,53.1997],[-122.4567,53.1893],[-122.4755,53.1814],[-122.4905,53.1852],[-122.5156,53.1611],[-122.5648,53.1493],[-122.609,53.118],[-122.6991,53.1434],[-122.789,53.2621],[-122.8227,53.2641],[-122.8472,53.2782],[-122.8837,53.3262],[-122.8871,53.3212],[-122.8736,53.3106],[-122.8797,53.3049],[-122.8938,53.3145],[-122.9097,53.3012],[-122.9327,53.296],[-122.9633,53.3002],[-122.97,53.2931],[-122.964,53.2817],[-123.0103,53.2779],[-123.0182,53.2818],[-123.0145,53.2869],[-123.0523,53.3006],[-123.0665,53.2896],[-123.0964,53.2944],[-123.1371,53.2888],[-123.1615,53.3158],[-123.1989,53.3283],[-123.3776,53.3406],[-123.461,53.3574],[-123.4846,53.3787],[-123.49,53.4121],[-123.572,53.4151],[-123.6052,53.4069],[-123.6665,53.422],[-123.7408,53.4203],[-123.8087,53.4679],[-123.844,53.463],[-123.8896,53.4763],[-123.9969,53.4585],[-124.0525,53.4314],[-124.2126,53.4332],[-124.2753,53.4753],[-124.2959,53.4529],[-124.3375,53.4456],[-124.3956,53.4683],[-124.3963,53.4917],[-124.3854,53.5071],[-124.4633,53.5159],[-124.5705,53.5469],[-124.5847,53.5393],[-124.5805,53.5266],[-124.5665,53.5245],[-124.5426,53.4954],[-124.5166,53.4808],[-124.5278,53.4714],[-124.5216,53.3912],[-124.4902,53.349],[-124.4772,53.3098],[-124.5036,53.2813],[-124.4416,53.2727],[-124.456,53.248],[-124.4864,53.2388],[-124.5165,53.2153],[-124.5385,53.2172],[-124.5503,53.2019],[-124.5485,53.1938],[-124.4967,53.192],[-124.5012,53.1723],[-124.4785,53.1477],[-124.5007,53.1349],[-124.5774,53.1291],[-124.6511,53.1409],[-124.7,53.1391],[-124.8022,53.1603],[-124.8791,53.1533],[-124.8963,53.1317],[-124.8601,53.1088],[-124.9068,53.1128],[-124.9076,53.0754],[-124.9478,53.0689],[-124.922,53.0474],[-124.9253,53.0134],[-124.9549,53.0112],[-124.9926,52.9887],[-125.0278,52.999],[-125.0917,52.9867],[-125.1354,52.9911],[-125.1805,52.9711],[-125.2596,52.9807],[-125.3298,52.9587],[-125.4956,52.9552],[-125.5284,52.9436],[-125.6146,52.9604],[-125.7196,52.9534],[-125.7734,52.9664],[-125.7707,53.2071],[-126.0925,53.2108],[-126.133,53.1849],[-126.1487,53.1851],[-126.1479,53.1945],[-126.1555,53.1969],[-126.169,53.1883],[-126.1807,53.194],[-126.203,53.1809],[-126.2245,53.1858],[-126.2213,53.177],[-126.2377,53.1699],[-126.2541,53.1737],[-126.245,53.1538],[-126.2799,53.126],[-126.288,53.1049],[-126.3577,53.0892],[-126.3849,53.1064],[-126.4556,53.1096],[-126.4656,53.1],[-126.4509,53.0907],[-126.4528,53.083],[-126.4756,53.0651],[-126.4719,53.058],[-126.4867,53.0302],[-126.5274,53.0138],[-126.5491,52.9889],[-126.5455,52.9789],[-126.5719,52.9823],[-126.5959,52.968],[-126.6309,52.9757],[-126.6141,52.9955],[-126.6524,53.0343],[-126.7092,52.9828],[-126.7201,52.9921],[-126.7502,52.991],[-126.7738,53.0077],[-126.7878,52.9964],[-126.7974,53.0283],[-126.7896,53.0505],[-126.7953,53.0658],[-126.8399,53.1064],[-126.868,53.1076],[-126.8758,53.0877],[-126.8873,53.083],[-126.9402,53.0849],[-126.9481,53.0919],[-126.9967,53.0654],[-127.0154,53.0731],[-127.0087,53.0854],[-127.0316,53.115],[-126.993,53.1326],[-126.9929,53.1515],[-127.0151,53.172],[-127.0128,53.1877],[-127.0448,53.202],[-127.0374,53.2071],[-127.0427,53.2143],[-127.0355,53.2262],[-127.0053,53.2359],[-127.0006,53.2561],[-126.9781,53.262],[-126.9858,53.2878],[-127.0004,53.2923],[-127.0043,53.3037],[-127.0603,53.2942],[-127.0749,53.2778],[-127.069,53.262],[-127.084,53.2376],[-127.1325,53.2397],[-127.1511,53.2713],[-127.1674,53.2729],[-127.1965,53.2621],[-127.1926,53.2527],[-127.2021,53.2471],[-127.2255,53.2476],[-127.2508,53.259],[-127.2547,53.2742],[-127.265,53.2773],[-127.2869,53.2688],[-127.289,53.2611],[-127.2795,53.2607],[-127.2772,53.2516],[-127.3095,53.2059],[-127.3181,53.2051],[-127.3344,53.2271],[-127.3637,53.2222],[-127.3636,53.2024],[-127.354,53.1896],[-127.357,53.1748],[-127.402,53.1863],[-127.4083,53.1599],[-127.4406,53.1604],[-127.4569,53.1443],[-127.4768,53.1423],[-127.4782,53.1342],[-127.4748,53.1226],[-127.4649,53.1198],[-127.4278,53.1236],[-127.4516,53.1006],[-127.4443,53.0854],[-127.3559,53.0827],[-127.3245,53.0672],[-127.2907,53.071],[-127.2815,53.0564],[-127.2533,53.042],[-127.2375,53.0031],[-127.263,52.9827],[-127.2409,52.9631],[-127.2856,52.9382],[-127.3,52.9043],[-127.2724,52.8951],[-127.2819,52.8842],[-127.2463,52.86],[-127.2153,52.8541],[-127.2237,52.8377],[-127.218,52.8252],[-127.2725,52.8107],[-127.2906,52.817],[-127.3156,52.7973],[-127.3399,52.7959],[-127.3446,52.8063],[-127.3556,52.8068],[-127.3804,52.7743],[-127.3663,52.7523],[-127.3859,52.7464],[-127.3952,52.7332],[-127.4655,52.7091],[-127.469,52.6844],[-127.4944,52.685],[-127.5142,52.6961],[-127.5657,52.6907],[-127.581,52.7211],[-127.6249,52.735],[-127.5997,52.76],[-127.6064,52.7814],[-127.6426,52.7793],[-127.6887,52.7904],[-127.7,52.7754],[-127.7131,52.7812],[-127.7279,52.7768],[-127.7595,52.7563],[-127.7665,52.7732],[-127.7944,52.7773],[-127.7922,52.8071],[-127.8142,52.8237],[-127.7971,52.8396],[-127.8025,52.8484],[-127.8297,52.8532],[-127.8331,52.8626],[-127.8656,52.8736],[-127.8447,52.8815],[-127.8485,52.8873],[-127.8668,52.8903],[-127.8812,52.8805],[-127.927,52.9039],[-127.9295,52.9213],[-127.9467,52.9326],[-127.9642,52.9601],[-127.9651,52.9808],[-127.9726,52.9831],[-127.9667,52.9954],[-127.9883,53.0102],[-127.9956,53.0262],[-128.0313,53.0353],[-128.0873,53.0229],[-128.1178,53.0545],[-128.1399,53.0576],[-128.1441,53.07],[-128.1744,53.0664],[-128.2032,53.0536],[-128.1673,53.0327],[-128.1617,53.0172],[-128.1642,53.0085],[-128.1846,53.0023],[-128.18,52.9925],[-128.1889,52.984],[-128.1474,52.979],[-128.1518,52.9679],[-128.1794,52.9665],[-128.1917,52.9549],[-128.2201,52.9506],[-128.2463,52.9385],[-128.2572,52.9279],[-128.2536,52.9232],[-128.2752,52.9115],[-128.288,52.9116],[-128.313,52.9286],[-128.3419,52.925],[-128.3624,52.9368],[-128.3789,52.9361],[-128.4228,52.9025],[-128.4136,52.8921],[-128.4172,52.8798],[-128.3917,52.8725],[-128.412,52.8655],[-128.4075,52.8483],[-128.427,52.8419],[-128.4442,52.823],[-128.4554,52.8468],[-128.494,52.8811],[-128.5211,52.883],[-128.5622,52.7045],[-128.5544,52.6826],[-128.5658,52.6711],[-128.5906,52.6035],[-128.6665,52.6088],[-128.755,52.5929],[-128.8569,52.5929],[-128.8657,52.5273],[-128.8907,52.4399],[-128.9104,52.3964],[-128.9471,52.3612],[-129.7034,51.9501],[-129.848,51.2294],[-129.7085,51.1498],[-127.7892,51.1637],[-127.6633,51.191],[-127.5993,51.1867],[-127.5689,51.1984],[-127.5101,51.1998],[-127.4924,51.2095],[-127.4565,51.2046],[-127.4837,51.2254],[-127.3898,51.2313],[-127.3668,51.2174],[-127.3449,51.2191],[-127.3218,51.2101],[-127.235,51.2199],[-127.2067,51.1992],[-127.0851,51.2241],[-127.0908,51.229],[-127.0825,51.2313],[-127.0243,51.2318],[-126.9904,51.2422],[-126.9561,51.2342],[-126.9208,51.2438],[-126.9117,51.2821],[-126.89,51.3049],[-126.8646,51.304],[-126.8557,51.3177],[-126.8162,51.319],[-126.8079,51.2899],[-126.7645,51.2995],[-126.7676,51.3111],[-126.7516,51.3174],[-126.7463,51.3354],[-126.7303,51.3407],[-126.7222,51.3541],[-126.7282,51.3588],[-126.7124,51.3738],[-126.7133,51.3883],[-126.6996,51.4043],[-126.7292,51.4358],[-126.6989,51.4792],[-126.6622,51.4504],[-126.6168,51.4373],[-126.6083,51.4218],[-126.6179,51.4125],[-126.5745,51.4044],[-126.556,51.4161],[-126.4909,51.4272],[-126.4782,51.4486],[-126.4627,51.4568],[-126.4501,51.4837],[-126.4395,51.4884],[-126.4209,51.4748],[-126.3708,51.4753],[-126.3771,51.4625],[-126.3615,51.4511],[-126.3467,51.4625],[-126.321,51.457],[-126.3074,51.4621],[-126.2779,51.45],[-126.213,51.4516],[-126.1937,51.4367],[-126.1783,51.4358],[-126.1056,51.46],[-126.097,51.4759],[-126.111,51.5164],[-126.0788,51.5234],[-125.2846,51.3824],[-125.2544,51.3686],[-124.495,51.1704],[-124.4414,51.1494],[-124.4253,51.1525],[-124.4093,51.1793],[-124.3733,51.1922],[-124.3681,51.1674],[-124.3777,51.1541],[-124.3746,51.1465],[-124.328,51.1502],[-124.3029,51.1345],[-124.2375,51.1502],[-124.1793,51.1367],[-124.1677,51.0963],[-124.1436,51.0834],[-124.1449,51.0718],[-124.1614,51.073],[-124.1705,51.0575],[-124.151,51.0482],[-124.1365,51.026],[-124.0933,51.0183],[-124.0777,51.0007],[-124.0909,50.9825],[-124.0576,50.9732],[-124.0368,50.9387],[-124.0274,50.9376],[-123.9948,50.9655],[-123.9327,50.9344],[-123.879,50.9495],[-123.8659,50.9345],[-123.8406,50.9344],[-123.8378,50.925],[-123.8133,50.9109],[-123.7641,50.9055],[-123.7648,50.8866],[-123.7314,50.8843],[-123.7221,50.8732],[-123.6962,50.8832],[-123.6674,50.8786],[-123.6541,50.9037],[-123.6136,50.8943],[-123.5799,50.939],[-123.5378,50.9338],[-123.4888,50.967],[-123.4627,50.9658],[-123.4323,50.981],[-123.4102,50.9795],[-123.3837,50.9968],[-123.33,50.9952],[-123.3117,50.9814],[-123.2966,50.9956],[-123.2438,51.0001],[-123.2562,51.0238],[-123.2506,51.0395],[-123.2306,51.058],[-123.1623,51.0851],[-123.1516,51.0998],[-123.1505,51.1202],[-123.1392,51.1314],[-123.0994,51.1405],[-123.0724,51.1298],[-123.0646,51.1416],[-123.039,51.1525],[-123.0542,51.165],[-123.0521,51.1817],[-123.0677,51.1867],[-123.0643,51.2109],[-123.0123,51.197],[-122.9458,51.1928],[-122.8227,51.1453],[-122.7894,51.1532],[-122.7715,51.1376],[-122.7293,51.1587],[-122.7138,51.1336],[-122.6633,51.0929],[-122.6341,51.0901],[-122.6141,51.0782],[-122.6078,51.09],[-122.576,51.1013],[-122.5922,51.1168],[-122.5911,51.1404],[-122.5995,51.1513],[-122.5859,51.1722],[-122.5623,51.1777],[-122.5484,51.2017],[-122.5191,51.2075],[-122.5043,51.1971],[-122.4717,51.2032],[-122.4396,51.2139],[-122.4303,51.2296],[-122.3449,51.2668],[-122.3084,51.2695],[-122.2928,51.2586],[-122.2648,51.2601],[-122.2375,51.2468],[-122.1847,51.2548],[-122.1631,51.2268],[-122.1514,51.2238],[-122.1499,51.1982],[-122.1332,51.1847],[-122.0532,51.1581],[-122.0378,51.1394],[-122.0463,51.1229],[-121.96,51.0858],[-121.9475,51.0474],[-121.9098,51.0045],[-121.9113,50.9847],[-121.8694,50.9578],[-121.842,50.9725],[-121.83,50.9895],[-121.796,50.9887],[-121.7443,51.0204],[-121.6925,51.0257],[-121.6647,51.0527],[-121.6243,51.0764],[-121.496,51.1335],[-121.5092,51.1809],[-121.5332,51.1973],[-121.5332,51.2078],[-121.4228,51.2912],[-121.3478,51.3167],[-121.3138,51.3455],[-121.1987,51.3641],[-121.139,51.3531],[-121.0736,51.3575],[-121.0382,51.3789],[-120.9712,51.4018],[-120.9293,51.3991],[-120.8744,51.4118],[-120.8391,51.4322],[-120.8277,51.4518],[-120.773,51.4634],[-120.7457,51.461],[-120.7255,51.4705],[-120.7224,51.4801],[-120.6666,51.4875],[-120.6409,51.5046],[-120.6033,51.5073],[-120.5654,51.4935],[-120.5569,51.4781],[-120.5592,51.8844],[-120.5719,51.8784],[-120.5757,51.8637],[-120.6222,51.8637],[-120.6222,51.871],[-120.6294,51.871],[-120.6147,51.8789],[-120.584,51.8688],[-120.5592,51.8887],[-120.5593,51.916],[-120.4673,51.9314],[-120.4345,51.9254],[-120.3805,51.939],[-120.3702,51.953],[-120.3204,51.972],[-120.2716,51.9645],[-120.2788,51.991],[-120.2383,51.991],[-120.2369,51.9965],[-120.2438,52.0093],[-120.2708,52.0187],[-120.2954,52.0154],[-120.3139,52.0221],[-120.3515,52.0091],[-120.3741,52.023],[-120.3568,52.0431],[-120.3596,52.0624],[-120.3495,52.0699],[-120.3481,52.0905],[-120.3234,52.0924],[-120.3246,52.1542],[-120.3458,52.1559],[-120.3794,52.1358],[-120.4068,52.1456],[-120.3904,52.1753],[-120.4037,52.1921],[-120.3853,52.1977],[-120.3864,52.2097],[-120.4291,52.2149],[-120.4436,52.2409],[-120.4675,52.2545],[-120.4946,52.2845],[-120.4663,52.3051],[-120.5087,52.3289],[-120.5261,52.3267],[-120.5366,52.3339],[-120.5164,52.3439],[-120.5318,52.3543],[-120.5166,52.3885],[-120.4674,52.4072],[-120.4581,52.4188],[-120.5151,52.4561],[-120.5361,52.4583],[-120.5417,52.4722],[-120.51,52.4962],[-120.4506,52.506],[-120.4346,52.523],[-120.3949,52.5313],[-120.3648,52.5259],[-120.323,52.5741],[-120.317,52.5692],[-120.3006,52.5898],[-120.2839,52.5896],[-120.283,52.6151],[-120.2357,52.6228],[-120.2366,52.638],[-120.2926,52.6543],[-120.263,52.6785],[-120.2814,52.7]]]}},{"type":"Feature","properties":{"regionNumber":6,"regionName":"Skeena"},"geometry":{"type":"Polygon","coordinates":[[[-128.2032,53.0536],[-128.1441,53.07],[-128.1399,53.0576],[-128.1178,53.0545],[-128.0876,53.023],[-128.0316,53.0353],[-127.9997,53.0286],[-127.9667,52.9954],[-127.9726,52.9831],[-127.9651,52.9808],[-127.9641,52.9598],[-127.9467,52.9326],[-127.9295,52.9213],[-127.9329,52.9129],[-127.9162,52.8937],[-127.8812,52.8805],[-127.8668,52.8903],[-127.8485,52.8873],[-127.8447,52.8815],[-127.8656,52.8736],[-127.7991,52.8446],[-127.8142,52.8237],[-127.7922,52.8071],[-127.7941,52.777],[-127.7665,52.7732],[-127.7594,52.7563],[-127.7279,52.7768],[-127.7131,52.7812],[-127.7,52.7754],[-127.6887,52.7904],[-127.6426,52.7793],[-127.6064,52.7814],[-127.5997,52.76],[-127.6249,52.735],[-127.581,52.7211],[-127.5657,52.6907],[-127.5142,52.6961],[-127.4947,52.6851],[-127.4723,52.6836],[-127.4655,52.7091],[-127.3952,52.7332],[-127.3859,52.7464],[-127.3663,52.7523],[-127.3804,52.7743],[-127.3556,52.8068],[-127.3446,52.8063],[-127.3399,52.7959],[-127.3156,52.7973],[-127.2906,52.817],[-127.2725,52.8107],[-127.218,52.8252],[-127.2237,52.8377],[-127.2153,52.8541],[-127.2463,52.86],[-127.2819,52.8842],[-127.2724,52.8951],[-127.3,52.9043],[-127.2856,52.9382],[-127.2409,52.9631],[-127.263,52.9827],[-127.2375,53.0031],[-127.2533,53.042],[-127.2815,53.0564],[-127.2907,53.071],[-127.3245,53.0672],[-127.3559,53.0827],[-127.4443,53.0854],[-127.4516,53.1006],[-127.4278,53.1236],[-127.4649,53.1198],[-127.4748,53.1226],[-127.4782,53.1342],[-127.4768,53.1423],[-127.4569,53.1443],[-127.4406,53.1604],[-127.4083,53.1599],[-127.402,53.1863],[-127.357,53.1748],[-127.354,53.1896],[-127.3636,53.2024],[-127.3637,53.2222],[-127.3344,53.2271],[-127.3181,53.2051],[-127.3095,53.2059],[-127.2772,53.2516],[-127.2795,53.2607],[-127.289,53.2611],[-127.2869,53.2688],[-127.265,53.2773],[-127.2547,53.2742],[-127.2508,53.259],[-127.2255,53.2476],[-127.2021,53.2471],[-127.1926,53.2527],[-127.1965,53.2621],[-127.1674,53.2729],[-127.1511,53.2713],[-127.1325,53.2397],[-127.084,53.2376],[-127.069,53.262],[-127.0749,53.2778],[-127.0603,53.2942],[-127.0043,53.3037],[-127.0004,53.2923],[-126.9858,53.2878],[-126.9781,53.262],[-127.0006,53.2561],[-127.0053,53.2359],[-127.0355,53.2262],[-127.0427,53.2143],[-127.0374,53.2071],[-127.0448,53.202],[-127.0128,53.1877],[-127.0151,53.172],[-126.9929,53.1515],[-126.993,53.1326],[-127.0316,53.115],[-127.0087,53.0854],[-127.0154,53.0731],[-126.9967,53.0654],[-126.9481,53.0919],[-126.9402,53.0849],[-126.8873,53.083],[-126.8758,53.0877],[-126.868,53.1076],[-126.8399,53.1064],[-126.7953,53.0658],[-126.7896,53.0505],[-126.7974,53.0283],[-126.7878,52.9964],[-126.7738,53.0077],[-126.7502,52.991],[-126.7201,52.9921],[-126.7092,52.9828],[-126.6524,53.0343],[-126.6141,52.9955],[-126.6309,52.9757],[-126.5959,52.968],[-126.5719,52.9823],[-126.5455,52.9789],[-126.5491,52.9889],[-126.5274,53.0138],[-126.4867,53.0302],[-126.4719,53.058],[-126.4756,53.0651],[-126.4528,53.083],[-126.4509,53.0907],[-126.4656,53.1],[-126.4556,53.1096],[-126.3849,53.1064],[-126.3577,53.0892],[-126.288,53.1049],[-126.2799,53.126],[-126.245,53.1538],[-126.2541,53.1737],[-126.2377,53.1699],[-126.2213,53.177],[-126.2245,53.1858],[-126.203,53.1809],[-126.1807,53.194],[-126.169,53.1883],[-126.1555,53.1969],[-126.1479,53.1945],[-126.1487,53.1851],[-126.133,53.1849],[-126.0925,53.2108],[-125.7707,53.2071],[-125.7734,52.9664],[-125.7196,52.9534],[-125.6146,52.9604],[-125.5416,52.9435],[-125.4956,52.9552],[-125.3298,52.9587],[-125.2596,52.9807],[-125.1759,52.9716],[-125.1386,52.9905],[-125.0917,52.9867],[-125.0573,52.9976],[-125.0209,52.9984],[-124.9926,52.9887],[-124.9549,53.0112],[-124.9253,53.0134],[-124.922,53.0474],[-124.9478,53.0689],[-124.9076,53.0754],[-124.9068,53.1128],[-124.8601,53.1088],[-124.8963,53.1317],[-124.8791,53.1533],[-124.8061,53.1605],[-124.6939,53.1383],[-124.6511,53.1409],[-124.5774,53.1291],[-124.5007,53.1349],[-124.4785,53.1477],[-124.5012,53.1723],[-124.4946,53.1902],[-124.5498,53.1941],[-124.5495,53.2047],[-124.5385,53.2172],[-124.5165,53.2153],[-124.4864,53.2388],[-124.456,53.248],[-124.4416,53.2727],[-124.5036,53.2813],[-124.4772,53.3098],[-124.4902,53.349],[-124.5216,53.3912],[-124.5278,53.4714],[-124.5166,53.4808],[-124.5426,53.4954],[-124.5665,53.5245],[-124.6203,53.5363],[-124.6791,53.5668],[-124.7403,53.5582],[-124.9397,53.5591],[-124.9557,53.5939],[-124.9451,53.6185],[-124.9527,53.6346],[-124.9253,53.6408],[-124.9252,53.6481],[-124.9523,53.6472],[-124.942,53.6542],[-124.982,53.6884],[-124.9319,53.6991],[-124.9303,53.7068],[-125.0062,53.724],[-125.0146,53.7296],[-125.0062,53.7332],[-125.0122,53.7384],[-125.086,53.7551],[-125.1238,53.7804],[-125.0823,53.7915],[-125.0619,53.8168],[-125.0219,53.8404],[-125.0276,53.8551],[-125.0746,53.8617],[-125.0808,53.8701],[-125.1161,53.8787],[-125.1101,53.8897],[-125.0759,53.9011],[-125.0072,53.9055],[-124.9294,53.8838],[-124.9202,53.8692],[-124.9063,53.8669],[-124.9049,53.8844],[-124.873,53.8989],[-124.8651,53.9122],[-124.8816,53.94],[-124.9311,53.9592],[-124.9715,53.9985],[-124.958,54.073],[-124.9391,54.1062],[-124.944,54.1204],[-124.9921,54.1577],[-125.007,54.1906],[-125.0745,54.1876],[-125.1041,54.2007],[-125.103,54.2082],[-125.063,54.2111],[-124.9767,54.243],[-124.93,54.2414],[-124.89,54.2282],[-124.8878,54.2184],[-124.8731,54.21],[-124.8297,54.2074],[-124.7862,54.2398],[-124.7529,54.2426],[-124.7326,54.2529],[-124.7027,54.2427],[-124.6891,54.2498],[-124.5896,54.2326],[-124.5662,54.2193],[-124.5473,54.2258],[-124.5237,54.2504],[-124.5162,54.2648],[-124.5598,54.2878],[-124.6267,54.2966],[-124.6841,54.328],[-124.7614,54.33],[-124.7768,54.3406],[-124.7671,54.3488],[-124.8177,54.3659],[-124.7777,54.406],[-124.815,54.4295],[-124.7212,54.459],[-124.6933,54.4768],[-124.6939,54.4836],[-124.7386,54.5041],[-124.7522,54.5196],[-124.7992,54.5347],[-124.9141,54.5355],[-124.9354,54.5151],[-125.0087,54.4993],[-125.0439,54.4833],[-125.0881,54.4925],[-125.1141,54.5347],[-125.1574,54.5465],[-125.2646,54.5388],[-125.3207,54.548],[-125.3577,54.5415],[-125.4008,54.5516],[-125.454,54.5471],[-125.4992,54.5609],[-125.5007,54.5302],[-125.5175,54.53],[-125.5431,54.5519],[-125.5755,54.5654],[-125.5751,54.5908],[-125.5555,54.5991],[-125.5615,54.6083],[-125.6172,54.6063],[-125.6535,54.591],[-125.6764,54.5963],[-125.7202,54.6187],[-125.7014,54.6319],[-125.7052,54.6408],[-125.7714,54.6564],[-125.8063,54.6732],[-125.8398,54.7167],[-125.8471,54.7477],[-125.7668,54.7465],[-125.7591,54.7615],[-125.7677,54.7744],[-125.7557,54.7904],[-125.8807,54.8257],[-125.9137,54.8433],[-125.9038,54.8595],[-125.9211,54.873],[-125.8974,54.8847],[-125.935,54.8981],[-125.9613,54.9285],[-126.0282,54.9548],[-126.0681,54.9954],[-126.079,55.0181],[-126.1142,55.0205],[-126.1566,55.0116],[-126.167,55.029],[-126.156,55.0451],[-126.1638,55.0657],[-126.1587,55.0907],[-126.1957,55.1216],[-126.1822,55.132],[-126.1821,55.1457],[-126.1928,55.1678],[-126.2137,55.1787],[-126.2258,55.1957],[-126.2348,55.2348],[-126.2482,55.2371],[-126.2585,55.2219],[-126.3164,55.2589],[-126.3236,55.2663],[-126.3149,55.2835],[-126.3788,55.3328],[-126.3626,55.3394],[-126.4198,55.3741],[-126.4096,55.3835],[-126.3381,55.3608],[-126.2859,55.3677],[-126.2667,55.3515],[-126.2538,55.3674],[-126.2317,55.3769],[-126.2954,55.3912],[-126.3409,55.4178],[-126.3583,55.4504],[-126.3562,55.4736],[-126.3935,55.4865],[-126.4092,55.5132],[-126.4051,55.5298],[-126.3863,55.5373],[-126.4036,55.5562],[-126.4057,55.5828],[-126.4393,55.5903],[-126.4781,55.6112],[-126.4807,55.6217],[-126.471,55.6349],[-126.5237,55.6469],[-126.5313,55.6676],[-126.5805,55.6641],[-126.6236,55.6834],[-126.6324,55.6975],[-126.6707,55.7044],[-126.6839,55.7185],[-126.741,55.7412],[-126.747,55.748],[-126.7467,55.7913],[-126.8392,55.8286],[-126.9165,55.9164],[-126.9162,55.9241],[-126.8713,55.9414],[-126.8708,55.958],[-126.9613,55.9842],[-126.9133,55.9942],[-126.9354,56.0187],[-126.9333,56.0272],[-126.9574,56.0386],[-126.9725,56.0625],[-127.0057,56.0851],[-126.9934,56.1039],[-127.0085,56.123],[-127.0063,56.138],[-126.9709,56.1706],[-126.9315,56.1606],[-126.9076,56.1424],[-126.8926,56.1146],[-126.8755,56.1036],[-126.8599,56.0619],[-126.8129,56.0191],[-126.7661,56.0239],[-126.7554,56.0366],[-126.7583,56.0485],[-126.7493,56.05],[-126.732,56.0236],[-126.671,56.0265],[-126.6715,56.0337],[-126.649,56.0334],[-126.6368,56.0523],[-126.6229,56.0553],[-126.6284,56.0625],[-126.6181,56.0865],[-126.6297,56.1156],[-126.6218,56.1191],[-126.6235,56.127],[-126.6027,56.1271],[-126.5919,56.1486],[-126.6074,56.1649],[-126.5626,56.1863],[-126.557,56.2],[-126.5706,56.2274],[-126.6144,56.252],[-126.588,56.2631],[-126.5892,56.2698],[-126.6302,56.2881],[-126.6189,56.2862],[-126.6161,56.3032],[-126.5119,56.314],[-126.4976,56.3027],[-126.4569,56.2987],[-126.4254,56.2788],[-126.3761,56.2879],[-126.3488,56.3107],[-126.3528,56.319],[-126.3266,56.323],[-126.3209,56.3304],[-126.2996,56.3215],[-126.2897,56.3067],[-126.2634,56.3018],[-126.2229,56.3383],[-126.2345,56.3469],[-126.1885,56.3412],[-126.1473,56.3503],[-126.1509,56.3588],[-126.14,56.3669],[-126.1492,56.3708],[-126.1524,56.3854],[-126.1143,56.4075],[-126.1259,56.4302],[-126.1038,56.4352],[-126.1037,56.4433],[-126.1331,56.4455],[-126.1801,56.472],[-126.2142,56.4772],[-126.2014,56.4817],[-126.1997,56.4984],[-126.2069,56.5015],[-126.1998,56.5073],[-126.173,56.5053],[-126.163,56.5144],[-126.1047,56.5207],[-126.1008,56.5263],[-126.1079,56.5349],[-126.1338,56.5509],[-126.1069,56.5772],[-126.1685,56.6049],[-126.1771,56.6162],[-126.1712,56.6367],[-126.263,56.6566],[-126.2716,56.6721],[-126.3133,56.6797],[-126.3929,56.6789],[-126.392,56.6698],[-126.432,56.6585],[-126.4551,56.6686],[-126.4704,56.6936],[-126.5336,56.7152],[-126.584,56.7559],[-126.5779,56.7702],[-126.6008,56.7823],[-126.6813,56.7685],[-126.7642,56.7689],[-126.7892,56.7602],[-126.778,56.7487],[-126.7781,56.7292],[-126.7979,56.7185],[-126.8349,56.7172],[-126.8312,56.7095],[-126.8392,56.6997],[-126.8121,56.6897],[-126.8157,56.6816],[-126.8079,56.6725],[-126.8917,56.6888],[-126.9347,56.679],[-126.9505,56.6655],[-126.9843,56.6658],[-127.0034,56.6483],[-127.026,56.6478],[-127.0341,56.6375],[-127.071,56.6312],[-127.0886,56.6184],[-127.1136,56.6284],[-127.1203,56.657],[-127.1645,56.6701],[-127.1987,56.7172],[-127.2225,56.7357],[-127.2904,56.7147],[-127.3026,56.7357],[-127.3376,56.7334],[-127.3493,56.7199],[-127.3474,56.7072],[-127.3612,56.7055],[-127.3744,56.6918],[-127.392,56.6931],[-127.3962,56.6828],[-127.4137,56.683],[-127.4261,56.7017],[-127.4459,56.7112],[-127.4626,56.7074],[-127.4763,56.7187],[-127.5324,56.7094],[-127.5319,56.7414],[-127.5389,56.7475],[-127.5067,56.7473],[-127.5023,56.7599],[-127.4886,56.7624],[-127.5039,56.7784],[-127.4962,56.7815],[-127.5,56.7881],[-127.4662,56.7933],[-127.4398,56.7833],[-127.4259,56.7958],[-127.427,56.8086],[-127.3724,56.8145],[-127.372,56.8234],[-127.3635,56.826],[-127.3346,56.8238],[-127.3398,56.8376],[-127.3271,56.8473],[-127.3288,56.8565],[-127.2872,56.8578],[-127.2924,56.8685],[-127.2343,56.8686],[-127.2066,56.882],[-127.2051,56.8964],[-127.1866,56.904],[-127.1942,56.9355],[-127.1827,56.9431],[-127.1787,56.9693],[-127.1598,56.9759],[-127.1266,56.9678],[-127.1025,56.9832],[-127.102,57.0017],[-127.0666,57.0065],[-127.0523,57.0168],[-127.061,57.0419],[-127.0463,57.0474],[-127.0433,57.06],[-127.0009,57.0631],[-127.0256,57.1397],[-127.1181,57.165],[-127.1489,57.1651],[-127.1697,57.1515],[-127.1656,57.1385],[-127.1957,57.1354],[-127.207,57.1175],[-127.1967,57.109],[-127.2056,57.1054],[-127.2145,57.0761],[-127.3519,57.0978],[-127.4035,57.0815],[-127.4557,57.0932],[-127.4924,57.0898],[-127.5443,57.1246],[-127.5758,57.1313],[-127.5876,57.1488],[-127.5848,57.1555],[-127.528,57.1723],[-127.529,57.1797],[-127.5177,57.1865],[-127.501,57.1819],[-127.481,57.1973],[-127.4804,57.2138],[-127.4667,57.22],[-127.5466,57.2582],[-127.528,57.2782],[-127.5373,57.2859],[-127.52,57.2913],[-127.5086,57.309],[-127.5094,57.3238],[-127.4912,57.3286],[-127.4571,57.3578],[-127.4541,57.3694],[-127.4698,57.3866],[-127.3952,57.4056],[-127.363,57.4296],[-127.3059,57.4415],[-127.3042,57.4648],[-127.3225,57.4796],[-127.2985,57.4912],[-127.3234,57.5074],[-127.3267,57.5197],[-127.3195,57.5479],[-127.3306,57.5632],[-127.3203,57.5791],[-127.2623,57.5797],[-127.1764,57.6031],[-127.1389,57.5705],[-127.1435,57.5336],[-127.0779,57.5336],[-127.0669,57.5128],[-127.0423,57.5086],[-127.0307,57.5105],[-127.0018,57.5406],[-126.9309,57.5397],[-126.7736,57.5808],[-126.8099,57.609],[-126.8517,57.6151],[-126.8595,57.6272],[-126.8876,57.6311],[-126.8452,57.6568],[-126.842,57.6817],[-126.873,57.6972],[-126.9322,57.7008],[-126.9471,57.7217],[-126.9485,57.7505],[-126.9721,57.7559],[-126.9781,57.7857],[-126.8646,57.8042],[-126.8731,57.8195],[-126.8692,57.8363],[-126.8917,57.8468],[-126.8765,57.866],[-126.8953,57.8784],[-126.8991,57.8902],[-126.9349,57.8929],[-126.9622,57.8843],[-126.982,57.8587],[-126.9993,57.8497],[-126.9926,57.839],[-127.0042,57.8213],[-127.1566,57.8009],[-127.1806,57.8111],[-127.2603,57.8216],[-127.2501,57.8357],[-127.257,57.8482],[-127.2917,57.8508],[-127.2844,57.8751],[-127.2657,57.8898],[-127.2738,57.9013],[-127.2577,57.9171],[-127.264,57.9331],[-127.3024,57.9427],[-127.3217,57.9334],[-127.3453,57.9344],[-127.3651,57.9127],[-127.4148,57.9219],[-127.4726,57.9139],[-127.4996,57.9232],[-127.5015,57.933],[-127.5256,57.9504],[-127.5592,57.9621],[-127.5613,57.9754],[-127.5939,57.9816],[-127.575,57.9875],[-127.5652,58.0025],[-127.5033,58.015],[-127.4658,58.0727],[-127.4421,58.0785],[-127.4366,58.0909],[-127.4024,58.1047],[-127.4866,58.1452],[-127.5132,58.1389],[-127.5498,58.1487],[-127.5507,58.1581],[-127.5672,58.1626],[-127.6271,58.1499],[-127.6835,58.1699],[-127.6745,58.1828],[-127.6852,58.1911],[-127.671,58.1984],[-127.6745,58.2054],[-127.6502,58.2121],[-127.6664,58.2194],[-127.6797,58.2378],[-127.6803,58.256],[-127.7151,58.2746],[-127.6749,58.3037],[-127.5865,58.3001],[-127.6404,58.3318],[-127.6297,58.3389],[-127.6292,58.3497],[-127.6973,58.3685],[-127.7177,58.35],[-127.7593,58.3501],[-127.7927,58.3619],[-127.7868,58.3883],[-127.8029,58.3927],[-127.8149,58.4128],[-127.8566,58.3982],[-127.8838,58.4002],[-127.9169,58.4198],[-127.9442,58.4175],[-127.9537,58.4276],[-127.9784,58.426],[-128.0065,58.443],[-128.0798,58.4333],[-128.098,58.4233],[-128.2016,58.429],[-128.262,58.4189],[-128.3041,58.4],[-128.3068,58.3951],[-128.2807,58.3815],[-128.2608,58.3545],[-128.2651,58.3407],[-128.3166,58.2983],[-128.2983,58.272],[-128.3081,58.2638],[-128.2964,58.2596],[-128.3017,58.2386],[-128.2865,58.2244],[-128.2942,58.2076],[-128.3574,58.1823],[-128.4026,58.1799],[-128.4245,58.1506],[-128.4443,58.162],[-128.4814,58.1606],[-128.4946,58.1451],[-128.5278,58.1303],[-128.5678,58.1595],[-128.5779,58.1727],[-128.5779,58.1938],[-128.5931,58.2123],[-128.6163,58.2318],[-128.6374,58.2338],[-128.6345,58.2421],[-128.647,58.2595],[-128.6748,58.2641],[-128.6807,58.2719],[-128.7114,58.2737],[-128.7232,58.2628],[-128.7611,58.2534],[-128.7832,58.2561],[-128.7935,58.2479],[-128.8781,58.2647],[-128.8738,58.2467],[-128.8828,58.2244],[-128.8721,58.2136],[-128.899,58.2144],[-128.905,58.2029],[-129.0637,58.2538],[-129.0941,58.2427],[-129.1797,58.2559],[-129.2279,58.2858],[-129.3048,58.2972],[-129.374,58.3233],[-129.4278,58.3097],[-129.4479,58.2873],[-129.4891,58.2625],[-129.5412,58.2465],[-129.6022,58.2625],[-129.6344,58.2857],[-129.607,58.2969],[-129.6034,58.3149],[-129.5539,58.3428],[-129.5407,58.368],[-129.5227,58.3786],[-129.5214,58.4093],[-129.5345,58.4192],[-129.5171,58.4297],[-129.4753,58.4324],[-129.4689,58.4188],[-129.4485,58.4168],[-129.4336,58.3904],[-129.401,58.3846],[-129.3128,58.3908],[-129.2518,58.4046],[-129.2413,58.4203],[-129.2563,58.4425],[-129.2514,58.4462],[-129.2192,58.444],[-129.171,58.4609],[-129.1586,58.4772],[-129.1307,58.4767],[-129.1169,58.5019],[-129.1288,58.5154],[-129.1292,58.5354],[-129.1546,58.5417],[-129.1503,58.5611],[-129.1009,58.5771],[-129.0949,58.5906],[-129.0749,58.6023],[-128.9952,58.6193],[-129.0233,58.6309],[-129.0356,58.6508],[-128.9984,58.6544],[-128.954,58.68],[-128.9116,58.6787],[-128.8778,58.7002],[-128.8981,58.7126],[-128.9106,58.7319],[-128.8808,58.7418],[-128.8481,58.7401],[-128.8333,58.7507],[-128.8368,58.7556],[-128.7853,58.7528],[-128.7898,58.7745],[-128.6534,58.7616],[-128.6348,58.7925],[-128.5502,58.8558],[-128.5555,58.8649],[-128.5503,58.8886],[-128.5188,58.9039],[-128.5183,58.9126],[-128.47,58.9317],[-128.4773,58.9599],[-128.5031,58.9656],[-128.5037,58.9781],[-128.4827,58.9849],[-128.483,58.9978],[-128.4661,59.0113],[-128.4706,59.0214],[-128.4649,59.0256],[-128.4386,59.0338],[-128.4243,59.0299],[-128.4126,59.0424],[-128.4326,59.0649],[-128.4186,59.0775],[-128.4297,59.0983],[-128.4559,59.1109],[-128.5159,59.0939],[-128.5277,59.1022],[-128.4776,59.1389],[-128.5109,59.1597],[-128.5091,59.1686],[-128.5171,59.1751],[-128.5627,59.1871],[-128.5699,59.2019],[-128.5052,59.2276],[-128.5045,59.2342],[-128.5488,59.2416],[-128.595,59.2782],[-128.6642,59.276],[-128.74,59.263],[-128.7604,59.2857],[-128.7904,59.2951],[-128.7932,59.3035],[-128.7774,59.3067],[-128.8006,59.3267],[-128.8232,59.3604],[-128.8216,59.3689],[-128.8464,59.382],[-128.8662,59.4355],[-128.7918,59.4489],[-128.7545,59.4689],[-128.6889,59.4779],[-128.6771,59.4833],[-128.6744,59.4969],[-128.6313,59.5189],[-128.4327,59.5474],[-128.4344,59.5628],[-128.4126,59.5637],[-128.41,59.5721],[-128.3777,59.5791],[-128.3686,59.5913],[-128.3722,59.6019],[-128.3915,59.6112],[-128.3836,59.6173],[-128.3995,59.6218],[-128.4224,59.6431],[-128.3671,59.6607],[-128.3513,59.6604],[-128.3148,59.6305],[-128.2795,59.6191],[-128.1698,59.638],[-128.1266,59.6297],[-128.082,59.6096],[-128.0747,59.5848],[-128.0354,59.5646],[-127.9607,59.5649],[-127.9408,59.5761],[-127.9302,59.594],[-127.8831,59.6117],[-127.8356,59.6098],[-127.806,59.5934],[-127.7944,59.6088],[-127.7499,59.6252],[-127.7504,59.6418],[-127.7344,59.6503],[-127.7472,59.6691],[-127.7751,59.6787],[-127.7919,59.6938],[-127.7909,59.7319],[-127.8101,59.7568],[-127.7995,59.7665],[-127.8155,59.7914],[-127.7565,59.8299],[-127.7199,59.8421],[-127.7047,59.8588],[-127.6622,59.8507],[-127.662,59.8605],[-127.6788,59.8693],[-127.6718,59.8815],[-127.6774,59.9009],[-127.7183,59.8982],[-127.7428,59.9153],[-127.7453,59.9338],[-127.7212,59.9489],[-127.7292,60.0001],[-139.0622,59.9996],[-138.7995,59.9246],[-138.7083,59.9063],[-138.6695,59.8096],[-138.6271,59.7685],[-137.6079,59.2438],[-137.5426,59.1064],[-137.5004,58.9854],[-137.5266,58.9064],[-137.4521,58.9083],[-137.2832,59],[-136.97,59.1012],[-136.829,59.16],[-136.5847,59.1659],[-136.49,59.2598],[-136.496,59.2751],[-136.4695,59.2841],[-136.4774,59.4658],[-136.3581,59.4491],[-136.3027,59.4623],[-136.2351,59.5227],[-136.2374,59.5575],[-136.3502,59.598],[-136.1897,59.6378],[-135.9517,59.6618],[-135.4792,59.798],[-135.3595,59.7379],[-135.2524,59.6979],[-135.2316,59.6982],[-135.2173,59.6621],[-135.1535,59.6249],[-135.1148,59.6223],[-135.026,59.5629],[-135.0251,59.4738],[-135.0735,59.4518],[-135.0983,59.4271],[-134.9878,59.3862],[-135.0279,59.3451],[-134.9575,59.2802],[-134.6996,59.2479],[-134.6767,59.1904],[-134.565,59.1307],[-134.4811,59.1312],[-134.4445,59.0888],[-134.3795,59.0388],[-134.4046,58.9796],[-134.313,58.9631],[-134.334,58.9243],[-134.2567,58.8616],[-133.8382,58.7305],[-133.7011,58.6115],[-133.376,58.4317],[-133.4593,58.3888],[-133.3441,58.2779],[-133.1694,58.1535],[-133.0672,58.0001],[-132.8678,57.8404],[-132.7464,57.6942],[-132.6691,57.6264],[-132.5555,57.5007],[-132.3685,57.3506],[-132.2462,57.2117],[-132.3658,57.0913],[-132.0439,57.0451],[-132.121,56.874],[-131.8705,56.807],[-131.898,56.7545],[-131.8577,56.7042],[-131.8323,56.6006],[-131.5793,56.6134],[-131.4702,56.5539],[-131.1724,56.4511],[-131.0867,56.4071],[-130.781,56.3673],[-130.6237,56.2673],[-130.5393,56.2475],[-130.4639,56.2428],[-130.4226,56.1417],[-130.347,56.1285],[-130.2438,56.0968],[-130.1017,56.1225],[-130.0036,56.011],[-130.0161,55.9127],[-130.0021,55.9102],[-130.0843,55.821],[-130.1239,55.8053],[-130.1504,55.7668],[-130.1457,55.7149],[-130.1113,55.6823],[-130.1264,55.5808],[-130.0909,55.5016],[-130.0406,55.4539],[-130.0181,55.3385],[-129.9739,55.2998],[-129.9733,55.2818],[-130.1008,55.1931],[-130.1785,55.0921],[-130.1863,55.0618],[-130.3272,54.9212],[-130.4294,54.8698],[-130.5296,54.8015],[-130.592,54.7908],[-130.6478,54.7662],[-130.6306,54.7443],[-130.6226,54.7166],[-130.6016,54.7033],[-131.1958,54.693],[-131.4216,54.7054],[-132.017,54.6779],[-132.682,54.6613],[-133.9344,54.2303],[-133.4553,53.1007],[-132.6085,52.3727],[-131.718,51.6633],[-131.202,51.6171],[-130.1584,51.8336],[-129.6316,51.9893],[-128.9471,52.3612],[-128.9104,52.3964],[-128.8907,52.4399],[-128.8657,52.5273],[-128.8569,52.5929],[-128.755,52.5929],[-128.6665,52.6088],[-128.5906,52.6035],[-128.5658,52.6711],[-128.5544,52.6826],[-128.5622,52.7045],[-128.5352,52.801],[-128.5223,52.8816],[-128.494,52.8811],[-128.4554,52.8468],[-128.4442,52.823],[-128.427,52.8419],[-128.4075,52.8483],[-128.412,52.8655],[-128.3917,52.8725],[-128.4172,52.8798],[-128.4136,52.8921],[-128.4228,52.9025],[-128.3789,52.9361],[-128.3624,52.9368],[-128.3419,52.925],[-128.313,52.9286],[-128.288,52.9116],[-128.2752,52.9115],[-128.2536,52.9232],[-128.2572,52.9279],[-128.2463,52.9385],[-128.2201,52.9506],[-128.1917,52.9549],[-128.1794,52.9665],[-128.1518,52.9679],[-128.1474,52.979],[-128.1888,52.9838],[-128.18,52.9925],[-128.1846,53.0023],[-128.1642,53.0085],[-128.1617,53.0172],[-128.1673,53.0327],[-128.2032,53.0536]]]}},{"type":"Feature","properties":{"regionNumber":7,"regionName":"Omineca"},"geometry":{"type":"MultiPolygon","coordinates":[[[[-122.6,55.3422],[-122.5914,55.3504],[-122.591,55.3666],[-122.6243,55.3983],[-122.6408,55.3956],[-122.6491,55.3547],[-122.6789,55.3348],[-122.752,55.346],[-122.7526,55.3627],[-122.8121,55.3845],[-122.8526,55.3768],[-122.8463,55.3939],[-122.8811,55.4034],[-122.8722,55.4142],[-122.9879,55.3979],[-122.9826,55.4239],[-123.0022,55.434],[-122.9963,55.4595],[-122.9314,55.465],[-122.9596,55.4819],[-122.9637,55.5022],[-122.9408,55.5198],[-122.9543,55.5481],[-122.9291,55.5652],[-122.9618,55.5825],[-122.9982,55.5629],[-123.0369,55.5587],[-123.0765,55.5862],[-123.0644,55.5925],[-123.0756,55.6093],[-123.07,55.6241],[-123.1255,55.6293],[-123.1486,55.6422],[-123.146,55.6525],[-123.1277,55.6643],[-123.1323,55.6847],[-123.1211,55.6931],[-123.1406,55.7111],[-123.1345,55.7266],[-123.1625,55.7399],[-123.188,55.7369],[-123.1967,55.7273],[-123.194,55.7176],[-123.2531,55.6999],[-123.3281,55.7138],[-123.3424,55.7305],[-123.3128,55.7604],[-123.3155,55.7717],[-123.3082,55.7782],[-123.3212,55.8026],[-123.3417,55.8123],[-123.3383,55.8243],[-123.3796,55.8329],[-123.365,55.8613],[-123.4145,55.8705],[-123.4357,55.8854],[-123.4849,55.8764],[-123.5078,55.8827],[-123.5274,55.8662],[-123.5615,55.8687],[-123.6809,55.9162],[-123.6744,55.9413],[-123.6397,55.9541],[-123.6294,55.9676],[-123.5987,55.9745],[-123.5982,55.9887],[-123.5509,56.0401],[-123.5334,56.0544],[-123.5094,56.0562],[-123.5208,56.0703],[-123.5058,56.0816],[-123.4719,56.081],[-123.4762,56.1131],[-123.4708,56.1249],[-123.491,56.149],[-123.4884,56.1634],[-123.5125,56.1805],[-123.4886,56.2044],[-123.5383,56.2229],[-123.5525,56.2446],[-123.5428,56.2584],[-123.5644,56.2608],[-123.5521,56.2758],[-123.5593,56.2831],[-123.555,56.2955],[-123.5658,56.3039],[-123.5645,56.3185],[-123.5473,56.3317],[-123.5686,56.3546],[-123.6148,56.3547],[-123.6179,56.3639],[-123.6108,56.3745],[-123.6197,56.3823],[-123.6014,56.4088],[-123.559,56.414],[-123.5636,56.4411],[-123.5543,56.4613],[-123.5676,56.47],[-123.5725,56.4843],[-123.6028,56.493],[-123.5988,56.5046],[-123.6048,56.513],[-123.6538,56.5031],[-123.6971,56.51],[-123.7058,56.5199],[-123.6782,56.5344],[-123.6969,56.5496],[-123.7249,56.5504],[-123.7198,56.5625],[-123.7418,56.5698],[-123.7271,56.5829],[-123.6722,56.5899],[-123.6791,56.6054],[-123.6696,56.611],[-123.6747,56.6257],[-123.6622,56.6393],[-123.6644,56.6521],[-123.6851,56.6541],[-123.7125,56.6706],[-123.7365,56.6656],[-123.767,56.6918],[-123.7716,56.7016],[-123.7558,56.7234],[-123.7644,56.741],[-123.8075,56.7699],[-123.7952,56.7918],[-123.7776,56.7962],[-123.7805,56.8024],[-123.7701,56.8146],[-123.8019,56.831],[-123.8149,56.8515],[-123.8109,56.8611],[-123.8494,56.8918],[-123.8312,56.8989],[-123.8323,56.9075],[-123.8184,56.9183],[-123.8202,56.9284],[-123.85,56.9293],[-123.8955,56.9488],[-123.8983,56.9624],[-123.8908,56.9717],[-123.9016,56.9783],[-123.8964,56.9964],[-123.9548,56.9991],[-123.9484,57.0059],[-123.9564,57.0135],[-123.9967,57.0183],[-123.9915,57.032],[-123.9698,57.0461],[-123.9236,57.0544],[-123.9176,57.075],[-123.9308,57.0993],[-123.9934,57.124],[-124.0074,57.1376],[-124.0068,57.1505],[-124.0379,57.1649],[-124.0812,57.1633],[-124.0942,57.1797],[-124.092,57.205],[-124.1275,57.22],[-124.1474,57.2367],[-124.1476,57.2503],[-124.1805,57.2627],[-124.1823,57.2723],[-124.1707,57.284],[-124.1785,57.2947],[-124.0831,57.3131],[-124.0702,57.326],[-124.0776,57.3459],[-124.093,57.3463],[-124.1038,57.3558],[-124.1026,57.3698],[-124.1335,57.4053],[-124.1161,57.4243],[-124.138,57.4343],[-124.121,57.4493],[-124.1841,57.455],[-124.1806,57.4923],[-124.1726,57.5023],[-124.2346,57.5052],[-124.2518,57.495],[-124.2865,57.4964],[-124.3006,57.5037],[-124.3005,57.517],[-124.3344,57.523],[-124.3606,57.5346],[-124.3784,57.5532],[-124.4041,57.5568],[-124.4049,57.5816],[-124.4506,57.6025],[-124.459,57.6396],[-124.4492,57.6472],[-124.4577,57.6538],[-124.5939,57.6836],[-124.6413,57.6857],[-124.6595,57.7065],[-124.6197,57.7258],[-124.6263,57.7425],[-124.5938,57.7468],[-124.6785,57.788],[-124.6933,57.8181],[-124.6645,57.832],[-124.6623,57.8421],[-124.7316,57.8791],[-124.7452,57.9042],[-124.7958,57.8952],[-124.7806,57.8698],[-124.7929,57.863],[-124.8274,57.8665],[-124.8334,57.8716],[-124.8295,57.8786],[-124.846,57.8914],[-124.8817,57.8938],[-124.8888,57.9146],[-124.9347,57.9242],[-124.9242,57.9288],[-124.9304,57.9535],[-124.9101,57.9723],[-124.9237,57.9877],[-124.9468,57.9949],[-124.9601,57.987],[-124.9756,57.9896],[-124.9892,58.0032],[-125.0055,58.0067],[-125.0266,58.0005],[-125.0591,58.026],[-125.1049,58.0192],[-125.138,58.0278],[-125.2084,58.0218],[-125.2783,58.0002],[-125.3673,57.9939],[-125.4461,57.9751],[-125.458,57.9649],[-125.4525,57.9568],[-125.4673,57.9443],[-125.587,57.9143],[-125.6054,57.9147],[-125.6094,57.9267],[-125.6265,57.933],[-125.6471,57.9261],[-125.6472,57.918],[-125.6673,57.9058],[-125.6511,57.8803],[-125.6856,57.8797],[-125.6889,57.87],[-125.7236,57.8599],[-125.7823,57.9006],[-125.7879,57.9385],[-125.8096,57.9748],[-125.8337,57.9814],[-125.9245,57.9789],[-125.9622,57.9933],[-125.9917,57.9586],[-126.0158,57.9722],[-126.0622,57.967],[-126.0637,57.9448],[-126.05,57.9401],[-126.0485,57.9312],[-126.0722,57.9142],[-126.1236,57.9172],[-126.1829,57.9456],[-126.215,57.9432],[-126.2406,57.9216],[-126.2266,57.895],[-126.2324,57.885],[-126.2545,57.8743],[-126.2566,57.8605],[-126.2807,57.8551],[-126.2976,57.8575],[-126.3229,57.8894],[-126.3656,57.9085],[-126.3778,57.9216],[-126.4112,57.924],[-126.4134,57.9068],[-126.4364,57.9263],[-126.4615,57.9344],[-126.5244,57.9356],[-126.5455,57.9507],[-126.6027,57.9603],[-126.6407,57.986],[-126.6685,57.9902],[-126.6669,58.0237],[-126.7362,58.0256],[-126.8396,57.9984],[-126.9307,57.9946],[-126.9491,57.9893],[-126.9438,57.9705],[-126.9662,57.9664],[-126.9713,57.9564],[-126.9571,57.9459],[-126.949,57.924],[-126.9291,57.9125],[-126.9332,57.8929],[-126.9029,57.8929],[-126.8765,57.866],[-126.8917,57.8468],[-126.8692,57.8363],[-126.8731,57.8195],[-126.8638,57.8075],[-126.8794,57.7974],[-126.9412,57.796],[-126.9781,57.7857],[-126.9733,57.7591],[-126.9485,57.7505],[-126.9471,57.7217],[-126.9322,57.7008],[-126.873,57.6972],[-126.842,57.6817],[-126.8452,57.6568],[-126.8876,57.6311],[-126.8595,57.6272],[-126.8517,57.6151],[-126.8099,57.609],[-126.7736,57.5808],[-126.9309,57.5397],[-127.0018,57.5406],[-127.0307,57.5105],[-127.0423,57.5086],[-127.0669,57.5128],[-127.0779,57.5336],[-127.1435,57.5336],[-127.1389,57.5705],[-127.1764,57.6031],[-127.2623,57.5797],[-127.3203,57.5791],[-127.3306,57.5632],[-127.3195,57.5479],[-127.3267,57.5197],[-127.3234,57.5074],[-127.2985,57.4912],[-127.3225,57.4796],[-127.3042,57.4648],[-127.3059,57.4415],[-127.3707,57.427],[-127.3952,57.4056],[-127.4648,57.3913],[-127.4698,57.3866],[-127.4541,57.3694],[-127.4608,57.3523],[-127.4912,57.3286],[-127.5092,57.3239],[-127.5055,57.317],[-127.5188,57.2924],[-127.5375,57.2855],[-127.528,57.2782],[-127.5461,57.2569],[-127.4667,57.22],[-127.4804,57.2138],[-127.481,57.1973],[-127.5008,57.1821],[-127.5177,57.1865],[-127.529,57.1797],[-127.528,57.1723],[-127.5848,57.1555],[-127.5876,57.148],[-127.5758,57.1313],[-127.5443,57.1246],[-127.4936,57.0902],[-127.4557,57.0932],[-127.4035,57.0815],[-127.3519,57.0978],[-127.2142,57.0761],[-127.2056,57.1054],[-127.1967,57.109],[-127.2066,57.1156],[-127.2033,57.1267],[-127.195,57.1358],[-127.1656,57.1385],[-127.1697,57.1515],[-127.1389,57.1668],[-127.0258,57.1399],[-126.9984,57.0681],[-127.0082,57.0605],[-127.0433,57.06],[-127.0463,57.0474],[-127.061,57.0419],[-127.0523,57.0168],[-127.0666,57.0065],[-127.102,57.0017],[-127.1025,56.9832],[-127.1266,56.9678],[-127.1598,56.9759],[-127.1787,56.9693],[-127.1827,56.9431],[-127.1942,56.9355],[-127.1866,56.904],[-127.2051,56.8964],[-127.2066,56.882],[-127.2343,56.8686],[-127.2924,56.8685],[-127.2872,56.8578],[-127.3288,56.8565],[-127.3271,56.8473],[-127.3398,56.8376],[-127.3346,56.8238],[-127.3635,56.826],[-127.372,56.8234],[-127.3724,56.8145],[-127.427,56.8086],[-127.4259,56.7958],[-127.4398,56.7833],[-127.4662,56.7933],[-127.5,56.7881],[-127.4962,56.7815],[-127.5039,56.7784],[-127.4886,56.7624],[-127.5023,56.7599],[-127.5067,56.7473],[-127.5389,56.7475],[-127.5319,56.7414],[-127.5313,56.7081],[-127.4763,56.7187],[-127.4626,56.7074],[-127.4459,56.7112],[-127.4261,56.7017],[-127.4137,56.683],[-127.3962,56.6828],[-127.392,56.6931],[-127.3744,56.6918],[-127.3612,56.7055],[-127.3474,56.7072],[-127.3493,56.7199],[-127.3376,56.7334],[-127.3026,56.7357],[-127.2904,56.7147],[-127.2225,56.7357],[-127.1987,56.7172],[-127.1645,56.6701],[-127.1203,56.657],[-127.1136,56.6284],[-127.0886,56.6184],[-127.071,56.6312],[-127.0341,56.6375],[-127.026,56.6478],[-127.0034,56.6483],[-126.9843,56.6658],[-126.9505,56.6655],[-126.9347,56.679],[-126.8917,56.6888],[-126.8079,56.6725],[-126.8157,56.6816],[-126.8121,56.6897],[-126.8392,56.6997],[-126.8312,56.7095],[-126.8349,56.7172],[-126.7979,56.7185],[-126.7781,56.7292],[-126.778,56.7487],[-126.7892,56.7602],[-126.7642,56.7689],[-126.6813,56.7685],[-126.6008,56.7823],[-126.5779,56.7702],[-126.584,56.7559],[-126.5336,56.7152],[-126.4704,56.6936],[-126.4551,56.6686],[-126.432,56.6585],[-126.392,56.6698],[-126.3929,56.6789],[-126.3133,56.6797],[-126.2716,56.6721],[-126.263,56.6566],[-126.1712,56.6367],[-126.1771,56.6162],[-126.1685,56.6049],[-126.1069,56.5772],[-126.1338,56.5509],[-126.1079,56.5349],[-126.1008,56.5263],[-126.1047,56.5207],[-126.163,56.5144],[-126.173,56.5053],[-126.1998,56.5073],[-126.2069,56.5015],[-126.1997,56.4984],[-126.2014,56.4817],[-126.2142,56.4772],[-126.1801,56.472],[-126.1331,56.4455],[-126.1037,56.4433],[-126.1038,56.4352],[-126.1259,56.4302],[-126.1143,56.4075],[-126.1524,56.3854],[-126.1492,56.3708],[-126.14,56.3669],[-126.1509,56.3588],[-126.1473,56.3503],[-126.1885,56.3412],[-126.2345,56.3469],[-126.2229,56.3383],[-126.2634,56.3018],[-126.2897,56.3067],[-126.2996,56.3215],[-126.3209,56.3304],[-126.3266,56.323],[-126.3528,56.319],[-126.3488,56.3107],[-126.3761,56.2879],[-126.4254,56.2788],[-126.4569,56.2987],[-126.4976,56.3027],[-126.5119,56.314],[-126.6161,56.3032],[-126.6189,56.2862],[-126.6302,56.2881],[-126.5892,56.2698],[-126.588,56.2631],[-126.6144,56.252],[-126.5706,56.2274],[-126.557,56.2],[-126.5626,56.1863],[-126.6074,56.1649],[-126.5919,56.1486],[-126.6027,56.1271],[-126.6259,56.1241],[-126.6272,56.0978],[-126.6181,56.0865],[-126.6284,56.0625],[-126.6229,56.0553],[-126.6368,56.0523],[-126.649,56.0334],[-126.732,56.0236],[-126.7493,56.05],[-126.7583,56.0485],[-126.7554,56.0366],[-126.7661,56.0239],[-126.8129,56.0191],[-126.8599,56.0619],[-126.8755,56.1036],[-126.8926,56.1146],[-126.9076,56.1424],[-126.9284,56.1591],[-126.9656,56.1722],[-126.9828,56.1647],[-127.0063,56.138],[-127.0085,56.123],[-126.9934,56.1039],[-127.0057,56.0851],[-126.9725,56.0625],[-126.9574,56.0386],[-126.9333,56.0272],[-126.9354,56.0187],[-126.9133,55.9942],[-126.9613,55.9842],[-126.8767,55.9628],[-126.8663,55.9513],[-126.8728,55.9404],[-126.9162,55.9241],[-126.9165,55.9164],[-126.8392,55.8286],[-126.7467,55.7913],[-126.7459,55.7451],[-126.6839,55.7185],[-126.6707,55.7044],[-126.6324,55.6975],[-126.6236,55.6834],[-126.5805,55.6641],[-126.5313,55.6676],[-126.5237,55.6469],[-126.471,55.6349],[-126.4807,55.6217],[-126.4781,55.6112],[-126.4393,55.5903],[-126.4057,55.5828],[-126.4036,55.5562],[-126.3863,55.5373],[-126.4051,55.5298],[-126.4092,55.5132],[-126.3935,55.4865],[-126.3562,55.4736],[-126.3583,55.4504],[-126.3409,55.4178],[-126.2954,55.3912],[-126.2317,55.3769],[-126.2538,55.3674],[-126.2667,55.3515],[-126.2859,55.3677],[-126.3381,55.3608],[-126.4096,55.3835],[-126.4198,55.3741],[-126.3626,55.3394],[-126.3788,55.3328],[-126.3149,55.2835],[-126.3236,55.2663],[-126.3164,55.2589],[-126.2585,55.2219],[-126.2482,55.2371],[-126.2348,55.2348],[-126.2258,55.1957],[-126.2137,55.1787],[-126.1928,55.1678],[-126.1821,55.1457],[-126.1822,55.132],[-126.1957,55.1216],[-126.1587,55.0907],[-126.1638,55.0657],[-126.156,55.0451],[-126.167,55.029],[-126.1566,55.0116],[-126.1142,55.0205],[-126.079,55.0181],[-126.0681,54.9954],[-126.0282,54.9548],[-125.9613,54.9285],[-125.935,54.8981],[-125.8974,54.8847],[-125.9211,54.873],[-125.9038,54.8595],[-125.9137,54.8433],[-125.8807,54.8257],[-125.7557,54.7904],[-125.7677,54.7744],[-125.7591,54.7615],[-125.7668,54.7465],[-125.8471,54.7477],[-125.8398,54.7167],[-125.8063,54.6732],[-125.7714,54.6564],[-125.7052,54.6408],[-125.7014,54.6319],[-125.7202,54.6187],[-125.6764,54.5963],[-125.6535,54.591],[-125.6172,54.6063],[-125.5615,54.6083],[-125.5555,54.5991],[-125.5751,54.5908],[-125.5755,54.5654],[-125.5431,54.5519],[-125.5175,54.53],[-125.5007,54.5302],[-125.4992,54.5609],[-125.454,54.5471],[-125.4008,54.5516],[-125.3577,54.5415],[-125.3207,54.548],[-125.2646,54.5388],[-125.1574,54.5465],[-125.1141,54.5347],[-125.0881,54.4925],[-125.0439,54.4833],[-125.0087,54.4993],[-124.9354,54.5151],[-124.9141,54.5355],[-124.7992,54.5347],[-124.7522,54.5196],[-124.7386,54.5041],[-124.6939,54.4836],[-124.6933,54.4768],[-124.7212,54.459],[-124.815,54.4295],[-124.7777,54.406],[-124.8177,54.3659],[-124.7671,54.3488],[-124.7768,54.3406],[-124.7614,54.33],[-124.6841,54.328],[-124.6267,54.2966],[-124.5738,54.2926],[-124.5188,54.2674],[-124.5237,54.2504],[-124.5473,54.2258],[-124.5776,54.2206],[-124.5896,54.2326],[-124.6891,54.2498],[-124.7027,54.2427],[-124.7326,54.2529],[-124.7529,54.2426],[-124.7862,54.2398],[-124.8297,54.2074],[-124.8731,54.21],[-124.8878,54.2184],[-124.89,54.2282],[-124.93,54.2414],[-124.9767,54.243],[-125.063,54.2111],[-125.106,54.2047],[-125.0745,54.1876],[-125.007,54.1906],[-124.9921,54.1577],[-124.944,54.1204],[-124.9391,54.1062],[-124.958,54.073],[-124.9715,53.9985],[-124.9311,53.9592],[-124.8816,53.94],[-124.8651,53.9122],[-124.873,53.8989],[-124.9049,53.8844],[-124.9063,53.8669],[-124.9202,53.8692],[-124.9294,53.8838],[-125.0072,53.9055],[-125.0831,53.8999],[-125.1189,53.8828],[-125.0746,53.8617],[-125.0276,53.8551],[-125.0219,53.8404],[-125.0619,53.8168],[-125.0823,53.7915],[-125.1156,53.7859],[-125.1222,53.775],[-125.086,53.7551],[-125.0122,53.7384],[-125.0062,53.7332],[-125.0146,53.7296],[-125.0062,53.724],[-124.9352,53.7105],[-124.9273,53.7022],[-124.982,53.6884],[-124.942,53.6542],[-124.9523,53.6472],[-124.9252,53.6481],[-124.9253,53.6408],[-124.9527,53.6346],[-124.9451,53.6185],[-124.9557,53.5939],[-124.9397,53.5591],[-124.7403,53.5582],[-124.6721,53.566],[-124.6142,53.5342],[-124.582,53.5327],[-124.5847,53.5393],[-124.5705,53.5469],[-124.4633,53.5159],[-124.3854,53.5071],[-124.3963,53.4917],[-124.3956,53.4683],[-124.3538,53.45],[-124.3086,53.4483],[-124.2848,53.4595],[-124.2753,53.4753],[-124.2419,53.4472],[-124.2053,53.4319],[-124.0525,53.4314],[-123.9969,53.4585],[-123.96,53.4599],[-123.9082,53.4762],[-123.844,53.463],[-123.8087,53.4679],[-123.7408,53.4203],[-123.6665,53.422],[-123.6052,53.4069],[-123.572,53.4151],[-123.49,53.4121],[-123.4846,53.3787],[-123.461,53.3574],[-123.3776,53.3406],[-123.1989,53.3283],[-123.1615,53.3158],[-123.1371,53.2888],[-123.0964,53.2944],[-123.0665,53.2896],[-123.0523,53.3006],[-123.0145,53.2869],[-123.0182,53.2818],[-123.0103,53.2779],[-122.964,53.2817],[-122.97,53.2931],[-122.9633,53.3002],[-122.9327,53.296],[-122.9097,53.3012],[-122.8938,53.3145],[-122.8797,53.3049],[-122.8736,53.3106],[-122.8871,53.3212],[-122.8837,53.3262],[-122.8472,53.2782],[-122.8227,53.2641],[-122.789,53.2621],[-122.6991,53.1434],[-122.609,53.118],[-122.5648,53.1493],[-122.5156,53.1611],[-122.4905,53.1852],[-122.4755,53.1814],[-122.4567,53.1893],[-122.4412,53.1997],[-122.4331,53.2201],[-122.4155,53.2201],[-122.3801,53.1933],[-122.3616,53.1932],[-122.3101,53.1702],[-122.3009,53.1815],[-122.2661,53.1895],[-122.2494,53.2112],[-122.2018,53.2091],[-122.1425,53.224],[-122.1027,53.2404],[-122.0852,53.2953],[-122.0343,53.3115],[-121.9862,53.3007],[-121.9553,53.3074],[-121.9483,53.3165],[-121.9455,53.294],[-121.8385,53.3112],[-121.8123,53.3035],[-121.781,53.2769],[-121.7341,53.2536],[-121.7143,53.2599],[-121.6561,53.2382],[-121.5829,53.2572],[-121.5526,53.2196],[-121.4899,53.2255],[-121.3983,53.2597],[-121.3987,53.2669],[-121.4153,53.2672],[-121.4152,53.2838],[-121.2695,53.2909],[-121.2256,53.3292],[-121.2261,53.3368],[-121.1895,53.336],[-121.1583,53.3469],[-121.1415,53.3623],[-121.117,53.3625],[-121.1223,53.3781],[-121.111,53.3974],[-121.0847,53.3888],[-121.0481,53.3967],[-121.0494,53.4098],[-121.0217,53.4282],[-121.0109,53.4274],[-121.0009,53.4067],[-121.0112,53.3974],[-121.0066,53.3852],[-120.9959,53.381],[-121.0131,53.3276],[-120.9769,53.3045],[-120.9763,53.2766],[-120.9356,53.2843],[-120.9317,53.2913],[-120.9411,53.2988],[-120.9141,53.3071],[-120.88,53.2994],[-120.8609,53.286],[-120.8071,53.2845],[-120.7947,53.2642],[-120.7683,53.2552],[-120.7156,53.269],[-120.6652,53.2296],[-120.5878,53.189],[-120.5458,53.1849],[-120.54,53.1538],[-120.5264,53.1454],[-120.5093,53.1654],[-120.4708,53.1589],[-120.4545,53.1352],[-120.4577,53.1187],[-120.4182,53.1075],[-120.4158,53.0733],[-120.4433,53.0494],[-120.4575,53.0242],[-120.4558,53.0111],[-120.4434,53.0059],[-120.4476,52.9934],[-120.4353,52.9882],[-120.4376,52.9722],[-120.4248,52.9604],[-120.3732,52.962],[-120.3338,52.925],[-120.2245,52.9192],[-120.1934,52.9281],[-120.1744,52.9221],[-120.1531,52.892],[-120.111,52.8667],[-120.0911,52.8411],[-120.0418,52.8208],[-120.0058,52.7532],[-119.9667,52.7375],[-119.9567,52.7177],[-119.904,52.7209],[-119.8889,52.7139],[-119.8788,52.6934],[-119.862,52.6823],[-119.8479,52.6902],[-119.7653,52.6606],[-119.7457,52.6809],[-119.7098,52.6761],[-119.6728,52.6978],[-119.6189,52.7046],[-119.6077,52.6771],[-119.5785,52.6519],[-119.5376,52.6662],[-119.5401,52.6551],[-119.5268,52.6292],[-119.4667,52.6482],[-119.4268,52.6381],[-119.4072,52.6488],[-119.3611,52.6559],[-119.3616,52.6268],[-119.3746,52.615],[-119.3538,52.5878],[-119.2932,52.6016],[-119.258,52.5983],[-119.216,52.6059],[-119.193,52.5997],[-119.1885,52.6232],[-119.1697,52.6466],[-119.1053,52.6706],[-119.0532,52.633],[-119.0364,52.5975],[-119.0186,52.5937],[-119.0004,52.601],[-118.9886,52.5863],[-118.9234,52.5664],[-118.9331,52.5496],[-118.9045,52.5274],[-118.9084,52.5045],[-118.8866,52.4882],[-118.8841,52.477],[-118.9324,52.452],[-118.9411,52.4373],[-118.9208,52.4207],[-118.9304,52.4096],[-118.9252,52.4037],[-118.9451,52.3868],[-118.9331,52.38],[-118.9173,52.3482],[-118.8545,52.3407],[-118.7848,52.3109],[-118.8378,52.2888],[-118.849,52.2744],[-118.8823,52.2619],[-118.8898,52.2477],[-118.8371,52.2322],[-118.8332,52.2203],[-118.8506,52.2118],[-118.8022,52.1781],[-118.7485,52.1841],[-118.7237,52.1618],[-118.6927,52.165],[-118.6859,52.1548],[-118.6723,52.1526],[-118.6671,52.1625],[-118.6409,52.1669],[-118.6206,52.1834],[-118.5774,52.1917],[-118.568,52.2224],[-118.5534,52.2335],[-118.5618,52.2582],[-118.5471,52.2851],[-118.4979,52.29],[-118.4905,52.2967],[-118.4908,52.3122],[-118.4402,52.3238],[-118.4227,52.3374],[-118.3889,52.3365],[-118.36,52.3635],[-118.316,52.3674],[-118.2876,52.3403],[-118.2538,52.3516],[-118.2452,52.3739],[-118.2198,52.3818],[-118.2191,52.3966],[-118.2423,52.4038],[-118.2363,52.4225],[-118.2518,52.4467],[-118.1966,52.4733],[-118.1928,52.4828],[-118.2368,52.4907],[-118.2621,52.5059],[-118.2857,52.5388],[-118.2708,52.5654],[-118.3271,52.5799],[-118.3339,52.5866],[-118.3322,52.604],[-118.3518,52.6143],[-118.353,52.6341],[-118.3345,52.6392],[-118.3214,52.6528],[-118.2987,52.6501],[-118.2863,52.6764],[-118.3233,52.7041],[-118.3412,52.7076],[-118.3274,52.7366],[-118.4153,52.7696],[-118.4169,52.7973],[-118.3943,52.8223],[-118.3996,52.8434],[-118.3838,52.8472],[-118.4505,52.8546],[-118.4601,52.868],[-118.4472,52.8792],[-118.4497,52.8853],[-118.4962,52.9062],[-118.519,52.8971],[-118.5469,52.9073],[-118.5743,52.8844],[-118.6104,52.8817],[-118.6121,52.9002],[-118.6048,52.9048],[-118.6188,52.9185],[-118.6083,52.9356],[-118.6469,52.9526],[-118.6681,52.9797],[-118.6369,52.9998],[-118.6521,53.0186],[-118.6498,53.0301],[-118.6658,53.0414],[-118.6896,53.0336],[-118.6983,53.0471],[-118.7218,53.0582],[-118.7488,53.052],[-118.7597,53.04],[-118.7736,53.0467],[-118.7574,53.0662],[-118.7669,53.0737],[-118.7256,53.1134],[-118.7775,53.1363],[-118.7861,53.1592],[-118.8574,53.1895],[-118.8752,53.2057],[-118.9121,53.211],[-118.9437,53.2368],[-118.9756,53.2398],[-119.0231,53.2294],[-118.9904,53.2055],[-119.0243,53.1667],[-118.9982,53.1464],[-119.0235,53.1256],[-119.0423,53.1253],[-119.0468,53.1466],[-119.0651,53.157],[-119.0854,53.1643],[-119.1167,53.1613],[-119.1453,53.1896],[-119.1909,53.1847],[-119.2273,53.1948],[-119.2349,53.1812],[-119.2563,53.1773],[-119.2477,53.1897],[-119.2638,53.2188],[-119.2953,53.2553],[-119.3286,53.2752],[-119.3379,53.2865],[-119.3273,53.2987],[-119.3459,53.2984],[-119.3545,53.3098],[-119.3446,53.3184],[-119.3481,53.332],[-119.3871,53.3613],[-119.4038,53.3665],[-119.446,53.3556],[-119.5155,53.3703],[-119.5464,53.3658],[-119.5973,53.3843],[-119.6079,53.383],[-119.5924,53.3665],[-119.6221,53.3583],[-119.6323,53.3663],[-119.6675,53.3693],[-119.6939,53.3911],[-119.7254,53.3901],[-119.7301,53.4059],[-119.7549,53.4237],[-119.7565,53.4386],[-119.7892,53.4755],[-119.7802,53.4933],[-119.8007,53.4968],[-119.833,53.5194],[-119.8572,53.5029],[-119.8972,53.5176],[-119.8961,53.5359],[-119.8616,53.5497],[-119.8611,53.5589],[-119.912,53.6038],[-119.9272,53.6084],[-119.918,53.6174],[-119.8755,53.6184],[-119.8528,53.6087],[-119.801,53.6044],[-119.774,53.5918],[-119.7436,53.5944],[-119.713,53.6157],[-119.7345,53.6339],[-119.7365,53.6627],[-119.7688,53.6767],[-119.7883,53.7056],[-119.8304,53.6973],[-119.8408,53.7002],[-119.8467,53.7146],[-119.9092,53.7126],[-119.9159,53.7218],[-119.8953,53.7299],[-119.9014,53.739],[-119.8894,53.7486],[-119.884,53.778],[-119.9475,53.7787],[-119.9793,53.7951],[-119.9732,53.8011],[-119.978,53.8053],[-119.9994,53.7978],[-120.0013,54.2259],[-120.0222,54.219],[-120.0416,54.2241],[-120.0774,54.2572],[-120.1087,54.2702],[-120.1138,54.2791],[-120.1071,54.2851],[-120.1339,54.2955],[-120.1673,54.2942],[-120.2129,54.2725],[-120.2772,54.2699],[-120.3296,54.2827],[-120.4185,54.2643],[-120.4349,54.2546],[-120.4255,54.243],[-120.4317,54.2348],[-120.5035,54.2063],[-120.5444,54.2152],[-120.5648,54.2096],[-120.5706,54.2235],[-120.5835,54.2299],[-120.5819,54.2586],[-120.6041,54.289],[-120.6256,54.2942],[-120.6298,54.2816],[-120.647,54.2887],[-120.6798,54.2836],[-120.7294,54.3004],[-120.6834,54.3228],[-120.6994,54.3464],[-120.6566,54.3581],[-120.7011,54.3997],[-120.7334,54.4097],[-120.7552,54.3979],[-120.7861,54.4027],[-120.7855,54.4137],[-120.7957,54.4164],[-120.8078,54.4372],[-120.8057,54.4604],[-120.7926,54.4714],[-120.8265,54.4942],[-120.8722,54.4915],[-120.8765,54.4635],[-120.8878,54.4586],[-120.9293,54.4513],[-120.956,54.4634],[-120.9002,54.4318],[-120.8996,54.4135],[-121.1615,54.4002],[-121.1746,54.4482],[-121.3906,54.4983],[-121.4118,54.5171],[-121.3987,54.5331],[-121.4293,54.5711],[-121.4421,54.5769],[-121.4415,54.5891],[-121.4568,54.6029],[-121.4525,54.6086],[-121.4887,54.6134],[-121.4957,54.624],[-121.4907,54.6298],[-121.5257,54.6528],[-121.5191,54.6558],[-121.5245,54.6609],[-121.5179,54.6839],[-121.4883,54.6948],[-121.4752,54.7258],[-121.4945,54.7404],[-121.4934,54.7555],[-121.5256,54.7698],[-121.523,54.7995],[-121.5455,54.8051],[-121.5553,54.8203],[-121.6074,54.8326],[-121.6974,54.8804],[-121.7281,54.8876],[-121.7296,54.8816],[-121.7436,54.8821],[-121.7394,54.8684],[-121.7851,54.8383],[-121.8082,54.8575],[-121.87,54.8685],[-121.8733,54.8818],[-121.8366,54.8997],[-121.8703,54.9023],[-121.8709,54.9107],[-121.8459,54.9299],[-121.8626,54.9369],[-121.8727,54.9537],[-121.9106,54.9664],[-121.9401,54.993],[-121.9359,55.0005],[-122.0127,55.032],[-122.0364,55.0593],[-122.0632,55.0691],[-122.1063,55.1006],[-122.1323,55.1055],[-122.1357,55.0937],[-122.1542,55.0901],[-122.1795,55.117],[-122.1771,55.1297],[-122.1892,55.1361],[-122.227,55.1416],[-122.2443,55.1317],[-122.2648,55.1325],[-122.2698,55.1496],[-122.2932,55.1704],[-122.2756,55.1901],[-122.2481,55.1923],[-122.2627,55.2098],[-122.3789,55.2391],[-122.4048,55.2276],[-122.4209,55.2405],[-122.4789,55.2488],[-122.5696,55.3279],[-122.5669,55.3346],[-122.6,55.3422]]],[[[-117.8404,52.2726],[-117.8241,52.2805],[-117.8212,52.2908],[-117.7936,52.2922],[-117.7718,52.318],[-117.744,52.3199],[-117.7371,52.3466],[-117.7065,52.3596],[-117.7316,52.3832],[-117.7283,52.3945],[-117.7563,52.4117],[-117.8469,52.4148],[-117.9082,52.4358],[-117.9156,52.4463],[-117.9434,52.4515],[-117.968,52.4689],[-117.9853,52.4982],[-118.0054,52.4938],[-118.0268,52.4697],[-118.0232,52.4584],[-118.0571,52.4556],[-118.0505,52.4458],[-118.0331,52.4413],[-118.0394,52.4208],[-118.0516,52.4155],[-118.0414,52.3981],[-118.0123,52.4023],[-118.0021,52.3812],[-117.9709,52.3666],[-117.9498,52.3711],[-117.9317,52.3644],[-117.9333,52.3422],[-117.8869,52.31],[-117.8804,52.2884],[-117.8404,52.2726]]]]}},{"type":"Feature","properties":{"regionNumber":8,"regionName":"Okanagan"},"geometry":{"type":"Polygon","coordinates":[[[-120.3193,49.885],[-120.3662,49.8978],[-120.4555,49.8845],[-120.5147,49.9112],[-120.547,49.9405],[-120.5748,49.9424],[-120.5948,49.9549],[-120.6169,49.9528],[-120.6147,49.972],[-120.6457,49.9779],[-120.654,49.945],[-120.6717,49.928],[-120.6867,49.8957],[-120.7177,49.8895],[-120.7708,49.9002],[-120.7845,49.8752],[-120.8107,49.8664],[-120.8511,49.866],[-120.8704,49.85],[-120.8632,49.8228],[-120.8779,49.8059],[-120.879,49.7875],[-120.9169,49.7599],[-120.9176,49.7383],[-120.972,49.6905],[-120.9564,49.6777],[-120.9579,49.6543],[-120.9807,49.63],[-120.994,49.5947],[-121.0303,49.58],[-121.0491,49.5431],[-121.0428,49.5294],[-121.076,49.516],[-121.0753,49.4987],[-121.0535,49.476],[-121.0863,49.4688],[-121.0806,49.4643],[-121.0896,49.4188],[-121.1009,49.4086],[-121.0961,49.3999],[-121.1152,49.3894],[-121.0635,49.3607],[-121.0831,49.3348],[-121.0389,49.32],[-121.0256,49.3057],[-121.0255,49.2918],[-121.0586,49.2764],[-121.0556,49.27],[-121.0717,49.2547],[-121.0658,49.2422],[-121.0935,49.2259],[-121.1891,49.2605],[-121.198,49.2561],[-121.0765,49.2073],[-121.0592,49.2222],[-121.0364,49.218],[-120.9756,49.1875],[-121.0038,49.1545],[-120.9757,49.1241],[-121.0423,49.1294],[-121.0384,49.1111],[-121.0616,49.1025],[-121.0195,49.0003],[-118.0641,48.9981],[-118.0472,49.0346],[-118.0539,49.0528],[-118.0485,49.1186],[-118.0527,49.1415],[-118.0618,49.1474],[-118.036,49.1537],[-118.0482,49.172],[-118.0766,49.1792],[-118.0676,49.2012],[-118.0753,49.2283],[-118.1112,49.2599],[-118.1654,49.2782],[-118.1893,49.3261],[-118.2141,49.3261],[-118.2172,49.3373],[-118.2302,49.3418],[-118.2182,49.3591],[-118.2455,49.4033],[-118.256,49.4033],[-118.2745,49.4219],[-118.2606,49.4277],[-118.2531,49.4426],[-118.2803,49.4713],[-118.2841,49.4948],[-118.2748,49.509],[-118.2769,49.5248],[-118.2588,49.5358],[-118.2558,49.5513],[-118.2428,49.5595],[-118.2531,49.6053],[-118.2397,49.6412],[-118.2421,49.6623],[-118.2714,49.6667],[-118.2774,49.6778],[-118.2703,49.7095],[-118.2811,49.7402],[-118.2945,49.7438],[-118.2887,49.7548],[-118.2945,49.7667],[-118.2838,49.7787],[-118.2868,49.7919],[-118.3009,49.7959],[-118.296,49.8038],[-118.3111,49.8156],[-118.357,49.8224],[-118.3455,49.8552],[-118.3529,49.8942],[-118.3771,49.9123],[-118.4175,49.9087],[-118.4092,49.9722],[-118.4595,49.9785],[-118.4693,49.9952],[-118.4684,50.0014],[-118.427,50.0097],[-118.4301,50.0168],[-118.4896,50.0343],[-118.501,50.0465],[-118.4536,50.0755],[-118.3867,50.0776],[-118.3748,50.091],[-118.3392,50.0993],[-118.2921,50.099],[-118.2952,50.1358],[-118.2749,50.1591],[-118.2527,50.168],[-118.2586,50.1815],[-118.2362,50.2067],[-118.2561,50.2264],[-118.2702,50.2687],[-118.2588,50.3371],[-118.2941,50.3402],[-118.3006,50.378],[-118.2782,50.3946],[-118.2529,50.3986],[-118.272,50.4044],[-118.2685,50.4359],[-118.2086,50.438],[-118.2021,50.455],[-118.2115,50.4666],[-118.1416,50.4605],[-118.1552,50.4795],[-118.1444,50.4921],[-118.1875,50.5005],[-118.2118,50.516],[-118.2037,50.5308],[-118.2162,50.5386],[-118.2107,50.5472],[-118.1863,50.55],[-118.17,50.5633],[-118.1786,50.579],[-118.1628,50.5894],[-118.1696,50.6066],[-118.1629,50.6117],[-118.1782,50.6229],[-118.181,50.6353],[-118.1995,50.6393],[-118.2043,50.656],[-118.1732,50.6647],[-118.173,50.6703],[-118.2096,50.6822],[-118.2017,50.6982],[-118.2029,50.7339],[-118.2309,50.7484],[-118.2294,50.7613],[-118.2571,50.7832],[-118.261,50.794],[-118.2547,50.7975],[-118.2661,50.8113],[-118.2606,50.8229],[-118.2741,50.8255],[-118.2699,50.8431],[-118.2914,50.8609],[-118.289,50.8728],[-118.2532,50.8908],[-118.2753,50.8957],[-118.3258,50.8824],[-118.4069,50.8835],[-118.4479,50.9026],[-118.4861,50.9037],[-118.5377,50.9279],[-118.531,50.9316],[-118.5421,50.9393],[-118.5783,50.9393],[-118.5883,50.9255],[-118.6135,50.9211],[-118.6159,50.8905],[-118.6417,50.8723],[-118.6319,50.8502],[-118.6497,50.8519],[-118.6683,50.8411],[-118.6621,50.8274],[-118.6733,50.8162],[-118.7075,50.8126],[-118.7202,50.8243],[-118.7812,50.8262],[-118.7862,50.8134],[-118.8348,50.7926],[-118.8294,50.7778],[-118.8232,50.7805],[-118.8295,50.7677],[-118.8501,50.7665],[-118.8848,50.749],[-118.9017,50.7503],[-118.9132,50.7679],[-118.9498,50.7829],[-119.0016,50.7655],[-119.1401,50.7607],[-119.1328,50.729],[-119.1579,50.6889],[-119.2234,50.6502],[-119.2664,50.6483],[-119.2925,50.6317],[-119.2918,50.6107],[-119.3054,50.5932],[-119.2898,50.5762],[-119.2911,50.5478],[-119.3114,50.5104],[-119.2954,50.4659],[-119.3029,50.456],[-119.3652,50.4212],[-119.3861,50.4239],[-119.4262,50.4072],[-119.4221,50.3953],[-119.4415,50.4022],[-119.4506,50.4172],[-119.5383,50.4296],[-119.582,50.4649],[-119.5924,50.4518],[-119.6652,50.4297],[-119.692,50.4066],[-119.64,50.4119],[-119.6338,50.3766],[-119.6445,50.3625],[-119.661,50.3583],[-119.6688,50.3444],[-119.6643,50.335],[-119.7195,50.3182],[-119.6813,50.3052],[-119.7156,50.2661],[-119.7535,50.2564],[-119.7603,50.233],[-119.7393,50.2038],[-119.7983,50.2039],[-119.8278,50.1828],[-119.8111,50.1772],[-119.7959,50.1518],[-119.7805,50.1477],[-119.7757,50.1224],[-119.7449,50.1236],[-119.7365,50.1134],[-119.7429,50.0906],[-119.7596,50.0838],[-119.7415,50.0772],[-119.7622,50.0636],[-119.7606,50.0454],[-119.8054,50.0312],[-119.7971,50.0199],[-119.7732,50.0139],[-119.7744,50.0073],[-119.8235,49.999],[-119.8347,49.9904],[-119.8257,49.9854],[-119.83,49.981],[-119.8635,49.9797],[-119.8546,49.9736],[-119.9149,49.9511],[-119.9381,49.9339],[-119.9415,49.9209],[-119.9815,49.9312],[-120.0245,49.9091],[-120.1654,49.8987],[-120.2057,49.8834],[-120.2399,49.883],[-120.2968,49.8675],[-120.3193,49.885]]]}},{"type":"Feature","properties":{"regionNumber":9,"regionName":"Peace"},"geometry":{"type":"Polygon","coordinates":[[[-124.4041,57.5806],[-124.4041,57.5568],[-124.3784,57.5532],[-124.3606,57.5346],[-124.3344,57.523],[-124.3005,57.517],[-124.2979,57.5004],[-124.2654,57.4937],[-124.2346,57.5052],[-124.1726,57.5023],[-124.1806,57.4923],[-124.1841,57.455],[-124.121,57.4493],[-124.138,57.4343],[-124.1161,57.4243],[-124.1335,57.4053],[-124.1026,57.3698],[-124.1038,57.3558],[-124.093,57.3463],[-124.0776,57.3459],[-124.0702,57.326],[-124.0831,57.3131],[-124.1785,57.2947],[-124.1707,57.284],[-124.1823,57.2723],[-124.1805,57.2627],[-124.1476,57.2503],[-124.1474,57.2367],[-124.1275,57.22],[-124.092,57.205],[-124.0942,57.1797],[-124.0812,57.1633],[-124.0379,57.1649],[-124.0068,57.1505],[-124.0074,57.1376],[-123.9934,57.124],[-123.9308,57.0993],[-123.9176,57.075],[-123.9236,57.0544],[-123.9698,57.0461],[-123.9915,57.032],[-123.9967,57.0183],[-123.9564,57.0135],[-123.9484,57.0059],[-123.9548,56.9991],[-123.8964,56.9964],[-123.9016,56.9783],[-123.8908,56.9717],[-123.8983,56.9624],[-123.8955,56.9488],[-123.85,56.9293],[-123.8202,56.9284],[-123.8184,56.9183],[-123.8323,56.9075],[-123.8312,56.8989],[-123.8494,56.8918],[-123.8109,56.8611],[-123.8149,56.8515],[-123.8019,56.831],[-123.7701,56.8146],[-123.7805,56.8024],[-123.7776,56.7962],[-123.7952,56.7918],[-123.8075,56.7699],[-123.7644,56.741],[-123.7558,56.7234],[-123.7716,56.7016],[-123.767,56.6918],[-123.7365,56.6656],[-123.7125,56.6706],[-123.6851,56.6541],[-123.6644,56.6521],[-123.6622,56.6393],[-123.6747,56.6257],[-123.6696,56.611],[-123.6791,56.6054],[-123.6722,56.5899],[-123.7271,56.5829],[-123.7418,56.5698],[-123.7198,56.5625],[-123.7249,56.5504],[-123.6969,56.5496],[-123.6782,56.5344],[-123.7058,56.5199],[-123.6971,56.51],[-123.6538,56.5031],[-123.6048,56.513],[-123.5988,56.5046],[-123.6028,56.493],[-123.5725,56.4843],[-123.5676,56.47],[-123.5548,56.4628],[-123.5636,56.4411],[-123.559,56.414],[-123.6014,56.4088],[-123.6197,56.3823],[-123.6108,56.3745],[-123.6179,56.3639],[-123.6148,56.3547],[-123.5686,56.3546],[-123.5473,56.3317],[-123.5645,56.3185],[-123.5658,56.3039],[-123.555,56.2955],[-123.5593,56.2831],[-123.5521,56.2758],[-123.5644,56.2608],[-123.5428,56.2584],[-123.5525,56.2446],[-123.5383,56.2229],[-123.4886,56.2044],[-123.5125,56.1805],[-123.4884,56.1634],[-123.491,56.149],[-123.4708,56.1249],[-123.4762,56.1131],[-123.4719,56.081],[-123.5058,56.0816],[-123.5208,56.0703],[-123.5094,56.0562],[-123.5334,56.0544],[-123.5509,56.0401],[-123.5982,55.9887],[-123.5987,55.9745],[-123.6294,55.9676],[-123.6397,55.9541],[-123.6744,55.9413],[-123.6809,55.9162],[-123.5615,55.8687],[-123.5274,55.8662],[-123.5078,55.8827],[-123.4849,55.8764],[-123.4357,55.8854],[-123.4145,55.8705],[-123.365,55.8613],[-123.3796,55.8329],[-123.3383,55.8243],[-123.3417,55.8123],[-123.3212,55.8026],[-123.3082,55.7782],[-123.3155,55.7717],[-123.3128,55.7604],[-123.3424,55.7305],[-123.3281,55.7138],[-123.2531,55.6999],[-123.194,55.7176],[-123.1967,55.7273],[-123.188,55.7369],[-123.1625,55.7399],[-123.1345,55.7266],[-123.1406,55.7111],[-123.1211,55.6931],[-123.1323,55.6847],[-123.1277,55.6643],[-123.146,55.6525],[-123.1486,55.6422],[-123.1255,55.6293],[-123.07,55.6241],[-123.0756,55.6093],[-123.0644,55.5925],[-123.0765,55.5862],[-123.0369,55.5587],[-122.9982,55.5629],[-122.9618,55.5825],[-122.9291,55.5652],[-122.9543,55.5481],[-122.9408,55.5198],[-122.9637,55.5022],[-122.9596,55.4819],[-122.9314,55.465],[-122.9963,55.4595],[-123.0022,55.434],[-122.9826,55.4239],[-122.9879,55.3979],[-122.8722,55.4142],[-122.8811,55.4034],[-122.8463,55.3939],[-122.8526,55.3768],[-122.8121,55.3845],[-122.7526,55.3627],[-122.752,55.346],[-122.6789,55.3348],[-122.6491,55.3547],[-122.6408,55.3956],[-122.6243,55.3983],[-122.591,55.3666],[-122.5914,55.3504],[-122.6001,55.342],[-122.5669,55.3346],[-122.5696,55.3279],[-122.4789,55.2488],[-122.4209,55.2405],[-122.4048,55.2276],[-122.3789,55.2391],[-122.2627,55.2098],[-122.2481,55.1923],[-122.2756,55.1901],[-122.2932,55.1704],[-122.2698,55.1496],[-122.2648,55.1325],[-122.2443,55.1317],[-122.227,55.1416],[-122.1892,55.1361],[-122.1771,55.1297],[-122.1795,55.117],[-122.1542,55.0901],[-122.1357,55.0937],[-122.1323,55.1055],[-122.1063,55.1006],[-122.0632,55.0691],[-122.0364,55.0593],[-122.0127,55.032],[-121.9359,55.0005],[-121.9401,54.993],[-121.9106,54.9664],[-121.8727,54.9537],[-121.8626,54.9369],[-121.8459,54.9299],[-121.8709,54.9107],[-121.8703,54.9023],[-121.8366,54.8997],[-121.8733,54.8818],[-121.87,54.8685],[-121.8082,54.8575],[-121.7851,54.8383],[-121.7394,54.8684],[-121.7436,54.8821],[-121.7296,54.8816],[-121.7281,54.8876],[-121.6974,54.8804],[-121.6402,54.8454],[-121.5511,54.8182],[-121.5455,54.8051],[-121.523,54.7995],[-121.5256,54.7698],[-121.4934,54.7555],[-121.4945,54.7404],[-121.4752,54.7258],[-121.4883,54.6948],[-121.5179,54.6839],[-121.5245,54.6609],[-121.5191,54.6558],[-121.5257,54.6528],[-121.4907,54.6298],[-121.4957,54.624],[-121.4887,54.6134],[-121.4525,54.6086],[-121.4568,54.6029],[-121.4415,54.5891],[-121.4421,54.5769],[-121.4293,54.5711],[-121.3987,54.5331],[-121.4118,54.5171],[-121.3906,54.4983],[-121.1746,54.4482],[-121.1615,54.4002],[-120.8996,54.4135],[-120.9002,54.4318],[-120.956,54.4634],[-120.9293,54.4513],[-120.8878,54.4586],[-120.8765,54.4635],[-120.8722,54.4915],[-120.8265,54.4942],[-120.7926,54.4714],[-120.8057,54.4604],[-120.8078,54.4372],[-120.7957,54.4164],[-120.7855,54.4137],[-120.7861,54.4027],[-120.7552,54.3979],[-120.7334,54.4097],[-120.7011,54.3997],[-120.6566,54.3581],[-120.6994,54.3464],[-120.6834,54.3228],[-120.7294,54.3004],[-120.6798,54.2836],[-120.647,54.2887],[-120.6298,54.2816],[-120.6256,54.2942],[-120.6041,54.289],[-120.5819,54.2586],[-120.5835,54.2299],[-120.5706,54.2235],[-120.5648,54.2096],[-120.5444,54.2152],[-120.5035,54.2063],[-120.4317,54.2348],[-120.4255,54.243],[-120.4349,54.2546],[-120.4185,54.2643],[-120.3296,54.2827],[-120.2772,54.2699],[-120.2129,54.2725],[-120.1673,54.2942],[-120.1339,54.2955],[-120.1071,54.2851],[-120.1138,54.2791],[-120.1087,54.2702],[-120.0774,54.2572],[-120.0416,54.2241],[-120.0222,54.219],[-120.0012,54.2258],[-119.9992,60.0001],[-127.7292,60.0001],[-127.7212,59.9489],[-127.7453,59.9338],[-127.7428,59.9153],[-127.7183,59.8982],[-127.6774,59.9009],[-127.6718,59.8815],[-127.6788,59.8693],[-127.662,59.8605],[-127.6622,59.8507],[-127.7047,59.8588],[-127.7199,59.8421],[-127.7565,59.8299],[-127.8155,59.7914],[-127.7995,59.7665],[-127.8101,59.7568],[-127.7909,59.7319],[-127.7919,59.6938],[-127.7751,59.6787],[-127.7472,59.6691],[-127.7344,59.6503],[-127.7504,59.6418],[-127.7499,59.6252],[-127.7944,59.6088],[-127.806,59.5934],[-127.8356,59.6098],[-127.8831,59.6117],[-127.9302,59.594],[-127.9408,59.5761],[-127.9607,59.5649],[-128.0354,59.5646],[-128.0747,59.5848],[-128.082,59.6096],[-128.1266,59.6297],[-128.1698,59.638],[-128.2795,59.6191],[-128.3148,59.6305],[-128.3513,59.6604],[-128.3671,59.6607],[-128.4224,59.6431],[-128.3995,59.6218],[-128.3836,59.6173],[-128.3915,59.6112],[-128.3722,59.6019],[-128.3686,59.5913],[-128.3777,59.5791],[-128.41,59.5721],[-128.4126,59.5637],[-128.4344,59.5628],[-128.4327,59.5474],[-128.6313,59.5189],[-128.6744,59.4969],[-128.6771,59.4833],[-128.6889,59.4779],[-128.7545,59.4689],[-128.7918,59.4489],[-128.8662,59.4355],[-128.8464,59.382],[-128.8216,59.3689],[-128.8232,59.3604],[-128.8006,59.3267],[-128.7774,59.3067],[-128.7932,59.3035],[-128.7904,59.2951],[-128.7604,59.2857],[-128.74,59.263],[-128.6642,59.276],[-128.595,59.2782],[-128.5488,59.2416],[-128.5045,59.2342],[-128.5052,59.2276],[-128.5699,59.2019],[-128.5627,59.1871],[-128.5171,59.1751],[-128.5091,59.1686],[-128.5109,59.1597],[-128.4776,59.1389],[-128.5277,59.1022],[-128.5159,59.0939],[-128.4559,59.1109],[-128.4297,59.0983],[-128.4186,59.0775],[-128.4326,59.0649],[-128.4126,59.0424],[-128.4243,59.0299],[-128.4386,59.0338],[-128.4649,59.0256],[-128.4706,59.0214],[-128.4661,59.0113],[-128.483,58.9978],[-128.4827,58.9849],[-128.5037,58.9781],[-128.5031,58.9656],[-128.4773,58.9599],[-128.47,58.9317],[-128.5183,58.9126],[-128.5188,58.9039],[-128.5503,58.8886],[-128.5555,58.8649],[-128.5502,58.8558],[-128.6348,58.7925],[-128.6534,58.7616],[-128.7898,58.7745],[-128.7853,58.7528],[-128.8368,58.7556],[-128.8333,58.7507],[-128.8481,58.7401],[-128.8808,58.7418],[-128.9106,58.7319],[-128.8981,58.7126],[-128.8778,58.7002],[-128.9116,58.6787],[-128.954,58.68],[-128.9984,58.6544],[-129.0356,58.6508],[-129.0233,58.6309],[-128.9952,58.6193],[-129.0749,58.6023],[-129.0949,58.5906],[-129.1009,58.5771],[-129.1503,58.5611],[-129.1546,58.5417],[-129.1292,58.5354],[-129.1288,58.5154],[-129.1169,58.5019],[-129.1307,58.4767],[-129.1586,58.4772],[-129.171,58.4609],[-129.2192,58.444],[-129.2514,58.4462],[-129.2563,58.4425],[-129.2413,58.4203],[-129.2518,58.4046],[-129.3128,58.3908],[-129.401,58.3846],[-129.4336,58.3904],[-129.4485,58.4168],[-129.4689,58.4188],[-129.4753,58.4324],[-129.5171,58.4297],[-129.5345,58.4192],[-129.5214,58.4093],[-129.5227,58.3786],[-129.5407,58.368],[-129.5539,58.3428],[-129.6034,58.3149],[-129.607,58.2969],[-129.6343,58.2872],[-129.6022,58.2625],[-129.5412,58.2465],[-129.4891,58.2625],[-129.4479,58.2873],[-129.4278,58.3097],[-129.374,58.3233],[-129.3048,58.2972],[-129.2279,58.2858],[-129.1797,58.2559],[-129.0941,58.2427],[-129.0637,58.2538],[-128.905,58.2029],[-128.899,58.2144],[-128.8721,58.2136],[-128.8828,58.2244],[-128.8738,58.2467],[-128.8781,58.2647],[-128.7935,58.2479],[-128.7832,58.2561],[-128.7611,58.2534],[-128.7232,58.2628],[-128.7114,58.2737],[-128.6807,58.2719],[-128.6748,58.2641],[-128.647,58.2595],[-128.6345,58.2421],[-128.6374,58.2338],[-128.6163,58.2318],[-128.5931,58.2123],[-128.5779,58.1938],[-128.5779,58.1727],[-128.5678,58.1595],[-128.5278,58.1303],[-128.4946,58.1451],[-128.4814,58.1606],[-128.4443,58.162],[-128.4245,58.1506],[-128.4026,58.1799],[-128.3574,58.1823],[-128.2942,58.2076],[-128.2865,58.2244],[-128.3017,58.2386],[-128.2964,58.2596],[-128.3081,58.2638],[-128.2983,58.272],[-128.3166,58.2983],[-128.2651,58.3407],[-128.2608,58.3545],[-128.2807,58.3815],[-128.3068,58.3951],[-128.3041,58.4],[-128.262,58.4189],[-128.2016,58.429],[-128.098,58.4233],[-128.0798,58.4333],[-128.0065,58.443],[-127.9784,58.426],[-127.9537,58.4276],[-127.9442,58.4175],[-127.9169,58.4198],[-127.8838,58.4002],[-127.8566,58.3982],[-127.8149,58.4128],[-127.8029,58.3927],[-127.7868,58.3883],[-127.7927,58.3619],[-127.7593,58.3501],[-127.7177,58.35],[-127.6973,58.3685],[-127.6292,58.3497],[-127.6297,58.3389],[-127.6404,58.3318],[-127.5865,58.3001],[-127.6749,58.3037],[-127.7151,58.2746],[-127.6803,58.256],[-127.6797,58.2378],[-127.6664,58.2194],[-127.6502,58.2121],[-127.6745,58.2054],[-127.671,58.1984],[-127.6852,58.1911],[-127.6745,58.1828],[-127.6835,58.1699],[-127.6271,58.1499],[-127.5672,58.1626],[-127.5507,58.1581],[-127.5498,58.1487],[-127.5132,58.1389],[-127.4866,58.1452],[-127.4024,58.1047],[-127.4366,58.0909],[-127.4421,58.0785],[-127.4658,58.0727],[-127.5033,58.015],[-127.5652,58.0025],[-127.575,57.9875],[-127.5934,57.9798],[-127.5613,57.9754],[-127.5548,57.959],[-127.5336,57.9552],[-127.5015,57.933],[-127.4996,57.9232],[-127.4726,57.9139],[-127.4148,57.9219],[-127.3651,57.9127],[-127.3527,57.9216],[-127.3539,57.9318],[-127.3217,57.9334],[-127.3024,57.9427],[-127.264,57.9331],[-127.2577,57.9171],[-127.2738,57.9013],[-127.2657,57.8898],[-127.295,57.855],[-127.257,57.8482],[-127.2501,57.8357],[-127.2603,57.8216],[-127.1504,57.8006],[-127.0042,57.8213],[-126.9926,57.839],[-126.9993,57.8497],[-126.982,57.8587],[-126.9622,57.8843],[-126.9332,57.8929],[-126.9273,57.9059],[-126.9713,57.9564],[-126.9662,57.9664],[-126.9438,57.9705],[-126.9491,57.9893],[-126.8834,58.0001],[-126.8396,57.9984],[-126.7362,58.0256],[-126.6669,58.0237],[-126.6685,57.9902],[-126.6407,57.986],[-126.6027,57.9603],[-126.5455,57.9507],[-126.5244,57.9356],[-126.4615,57.9344],[-126.4364,57.9263],[-126.4134,57.9068],[-126.4112,57.924],[-126.3778,57.9216],[-126.3656,57.9085],[-126.3229,57.8894],[-126.2976,57.8575],[-126.2807,57.8551],[-126.2566,57.8605],[-126.2545,57.8743],[-126.2324,57.885],[-126.2266,57.895],[-126.2406,57.9216],[-126.215,57.9432],[-126.1829,57.9456],[-126.1236,57.9172],[-126.0722,57.9142],[-126.0485,57.9312],[-126.05,57.9401],[-126.0637,57.9448],[-126.0622,57.967],[-126.0158,57.9722],[-125.9917,57.9586],[-125.9622,57.9933],[-125.9245,57.9789],[-125.8337,57.9814],[-125.8096,57.9748],[-125.7879,57.9385],[-125.7823,57.9006],[-125.7236,57.8599],[-125.6889,57.87],[-125.6856,57.8797],[-125.6511,57.8803],[-125.6673,57.9058],[-125.6472,57.918],[-125.6471,57.9261],[-125.6265,57.933],[-125.6094,57.9267],[-125.6054,57.9147],[-125.587,57.9143],[-125.4717,57.9425],[-125.4525,57.9568],[-125.458,57.9649],[-125.4461,57.9751],[-125.3673,57.9939],[-125.2783,58.0002],[-125.2084,58.0218],[-125.138,58.0278],[-125.1049,58.0192],[-125.0715,58.0273],[-125.0587,58.0259],[-125.0266,58.0005],[-125.0055,58.0067],[-124.9892,58.0032],[-124.9756,57.9896],[-124.9601,57.987],[-124.9468,57.9949],[-124.923,57.9873],[-124.9101,57.9723],[-124.9304,57.9535],[-124.9242,57.9288],[-124.9346,57.924],[-124.8888,57.9146],[-124.8817,57.8938],[-124.846,57.8914],[-124.8295,57.8786],[-124.8334,57.8716],[-124.8264,57.866],[-124.7929,57.863],[-124.7806,57.8698],[-124.7958,57.8952],[-124.7452,57.9042],[-124.7316,57.8791],[-124.6613,57.8407],[-124.6646,57.8318],[-124.6933,57.8181],[-124.6785,57.788],[-124.5938,57.7468],[-124.6263,57.7425],[-124.6197,57.7258],[-124.6576,57.7086],[-124.6565,57.6995],[-124.6381,57.6842],[-124.5939,57.6836],[-124.4577,57.6538],[-124.4492,57.6472],[-124.459,57.6396],[-124.4501,57.6018],[-124.4041,57.5806]]]}}]}